Packet_ID,Ping_Group,Timestamp_ms,Emission_Timestamp_ms,Sensor_ID,Received_Frequency_Hz,Intensity_dB,Temperature_C,Salinity_PSU,Depth_m,X,Y,Z,Source_Label
200001,0,2071.4642844458867,0.0,H1,14.870970687298293,134.37412890117557,6.742493110887589,34.99806209937777,1800.0,-4500.0,-2500.0,-1800.0,nautilus
200001,0,2110.5677115267654,0.0,H1,14.870700709264712,126.95751125535598,6.742493110887589,34.99806209937777,1800.0,-4500.0,-2500.0,-1800.0,nautilus
200001,0,2135.88750206008,0.0,H1,14.888304689742215,116.68592478380903,6.742493110887589,34.99806209937777,1800.0,-4500.0,-2500.0,-1800.0,nautilus
200003,0,2764.379525708661,0.0,H3,14.780503413095992,130.27215236722202,6.605887260907568,35.003741753651454,1900.0,-3600.0,3100.0,-1900.0,nautilus
200003,0,2801.0105224428207,0.0,H3,14.784968737384444,121.68112401436575,6.605887260907568,35.003741753651454,1900.0,-3600.0,3100.0,-1900.0,nautilus
200003,0,2834.489889777946,0.0,H3,14.68061609845064,113.14074489669896,6.605887260907568,35.003741753651454,1900.0,-3600.0,3100.0,-1900.0,nautilus
200005,0,4234.395550362574,0.0,H5,14.865567405983628,126.17525088253697,6.646814676133082,34.997521163384135,2100.0,0.0,0.0,-2100.0,nautilus
200005,0,4269.382289376005,0.0,H5,14.928420871669347,118.02116330933096,6.646814676133082,34.997521163384135,2100.0,0.0,0.0,-2100.0,nautilus
200005,0,4309.145785706148,0.0,H5,14.86623363582929,109.48084735483408,6.646814676133082,34.997521163384135,2100.0,0.0,0.0,-2100.0,nautilus
200002,0,7193.98529636099,0.0,H2,14.705686256595186,112.30821907264514,6.703370254328474,35.04344010416769,1750.0,4200.0,-2300.0,-1750.0,nautilus
200002,0,7230.162502387121,0.0,H2,14.730336921165804,104.13181300673939,6.703370254328474,35.04344010416769,1750.0,4200.0,-2300.0,-1750.0,nautilus
200002,0,7260.834358754134,0.0,H2,14.740809404351213,96.82812670967904,6.703370254328474,35.04344010416769,1750.0,4200.0,-2300.0,-1750.0,nautilus
200004,0,7428.19067331846,0.0,H4,14.845409146921568,115.0101898942664,6.550558312641584,35.013679741691256,1850.0,4300.0,3300.0,-1850.0,nautilus
200004,0,7468.713993118409,0.0,H4,14.768567399906994,108.25933864382486,6.550558312641584,35.013679741691256,1850.0,4300.0,3300.0,-1850.0,nautilus
200004,0,7496.4410476599,0.0,H4,14.842118901621557,98.73627362209409,6.550558312641584,35.013679741691256,1850.0,4300.0,3300.0,-1850.0,nautilus
200011,1,14142.463936081767,12000.0,H1,15.47834680917734,133.63449491406638,6.849428722619205,35.02344806191131,1800.0,-4500.0,-2500.0,-1800.0,nautilus
200011,1,14180.142634452346,12000.0,H1,15.444785148364755,124.5804011264429,6.849428722619205,35.02344806191131,1800.0,-4500.0,-2500.0,-1800.0,nautilus
200011,1,14202.503961570088,12000.0,H1,15.548710419155167,116.18047061158518,6.849428722619205,35.02344806191131,1800.0,-4500.0,-2500.0,-1800.0,nautilus
200013,1,14360.67598250186,12000.0,H3,15.475006846461158,132.55016863791698,6.844158453572387,35.0192872768234,1900.0,-3600.0,3100.0,-1900.0,nautilus
200013,1,14392.519889887064,12000.0,H3,15.476117924320882,125.72667695816898,6.844158453572387,35.0192872768234,1900.0,-3600.0,3100.0,-1900.0,nautilus
200013,1,14420.005218337546,12000.0,H3,15.494136859847558,115.98659724456374,6.844158453572387,35.0192872768234,1900.0,-3600.0,3100.0,-1900.0,nautilus
200015,1,15926.116249768656,12000.0,H5,15.596465719112839,128.86917735030045,6.787835917218215,34.99567306462479,2100.0,0.0,0.0,-2100.0,nautilus
200015,1,15959.019142079198,12000.0,H5,15.638452092963098,119.22537999911486,6.787835917218215,34.99567306462479,2100.0,0.0,0.0,-2100.0,nautilus
200015,1,15979.754229858227,12000.0,H5,15.6094306701297,112.91356323991374,6.787835917218215,34.99567306462479,2100.0,0.0,0.0,-2100.0,nautilus
100000,-1,16441.82739272791,15000.0,H5,0.0,117.69631961163527,5.47,35.0,2100.0,0.0,0.0,-2100.0,sync_buoy
100000,-1,18446.58520631243,15000.0,H2,0.0,116.81280547214986,5.225,35.0,1750.0,4200.0,-2300.0,-1750.0,sync_buoy
100000,-1,18484.185184158192,15000.0,H3,0.0,117.20535763401296,5.33,35.0,1900.0,-3600.0,3100.0,-1900.0,sync_buoy
100000,-1,18717.455905595176,15000.0,H1,0.0,118.66724756083433,5.26,35.0,1800.0,-4500.0,-2500.0,-1800.0,sync_buoy
100000,-1,18867.9900611075,15000.0,H4,0.0,118.68940390057075,5.295,35.0,1850.0,4300.0,3300.0,-1850.0,sync_buoy
200012,1,18944.153997277004,12000.0,H2,15.336828523296354,115.95622079700203,6.938244206534033,35.02897761785905,1750.0,4200.0,-2300.0,-1750.0,nautilus
200012,1,18984.08333367412,12000.0,H2,15.309863655821989,107.81331758850527,6.938244206534033,35.02897761785905,1750.0,4200.0,-2300.0,-1750.0,nautilus
200012,1,19003.675931863447,12000.0,H2,15.276023385285944,101.29175265230205,6.938244206534033,35.02897761785905,1750.0,4200.0,-2300.0,-1750.0,nautilus
200014,1,19049.396208127382,12000.0,H4,15.555025851980217,113.79197559766291,6.868193397863495,35.04028417306221,1850.0,4300.0,3300.0,-1850.0,nautilus
200014,1,19091.298675329792,12000.0,H4,15.53224496944716,107.30694858032763,6.868193397863495,35.04028417306221,1850.0,4300.0,3300.0,-1850.0,nautilus
200014,1,19112.088850402546,12000.0,H4,15.598112005829899,98.28590767669367,6.868193397863495,35.04028417306221,1850.0,4300.0,3300.0,-1850.0,nautilus
200023,2,25983.430203302392,24000.0,H3,16.069875867890755,134.58021960974168,6.981881724340475,35.00496949719282,1900.0,-3600.0,3100.0,-1900.0,nautilus
200023,2,26015.506343692898,24000.0,H3,15.907303947115928,126.05010425996936,6.981881724340475,35.00496949719282,1900.0,-3600.0,3100.0,-1900.0,nautilus
200023,2,26051.82617067229,24000.0,H3,16.072231863197285,117.4076739023367,6.981881724340475,35.00496949719282,1900.0,-3600.0,3100.0,-1900.0,nautilus
200021,2,26261.97941668342,24000.0,H1,16.024291953749415,133.31676368631932,6.768436591999803,35.00206585151608,1800.0,-4500.0,-2500.0,-1800.0,nautilus
200021,2,26300.936743470327,24000.0,H1,16.021222022328306,125.72329222295214,6.768436591999803,35.00206585151608,1800.0,-4500.0,-2500.0,-1800.0,nautilus
200021,2,26319.59612923675,24000.0,H1,15.991389014157582,116.31772065909915,6.768436591999803,35.00206585151608,1800.0,-4500.0,-2500.0,-1800.0,nautilus
200025,2,27630.743946417268,24000.0,H5,16.092544539435497,126.73468200880043,6.783544500530041,35.03983838141082,2100.0,0.0,0.0,-2100.0,nautilus
200025,2,27671.5714374542,24000.0,H5,16.111478342919007,116.12112254545518,6.783544500530041,35.03983838141082,2100.0,0.0,0.0,-2100.0,nautilus
200025,2,27701.006910879074,24000.0,H5,16.089477335443835,110.81789936227496,6.783544500530041,35.03983838141082,2100.0,0.0,0.0,-2100.0,nautilus
200024,2,30681.889073727132,24000.0,H4,16.105743332210675,115.81263802928798,6.893356083906537,35.00432971275693,1850.0,4300.0,3300.0,-1850.0,nautilus
200022,2,30707.23078830146,24000.0,H2,16.030495233032003,115.81810133957715,6.918001447687194,35.01219406704205,1750.0,4200.0,-2300.0,-1750.0,nautilus
200024,2,30714.833801444147,24000.0,H4,16.1165285672119,106.76976967169797,6.893356083906537,35.00432971275693,1850.0,4300.0,3300.0,-1850.0,nautilus
200024,2,30740.67126829441,24000.0,H4,16.07153097831105,100.90648370518846,6.893356083906537,35.00432971275693,1850.0,4300.0,3300.0,-1850.0,nautilus
200022,2,30742.7412858077,24000.0,H2,16.026020834937583,107.80407160944615,6.918001447687194,35.01219406704205,1750.0,4200.0,-2300.0,-1750.0,nautilus
200022,2,30770.842189784737,24000.0,H2,16.00748554239577,100.56129860302111,6.918001447687194,35.01219406704205,1750.0,4200.0,-2300.0,-1750.0,nautilus
200033,3,37658.90499040573,36000.0,H3,16.461201624246524,136.0024848477732,6.875600023941646,35.07814056240839,1900.0,-3600.0,3100.0,-1900.0,nautilus
200033,3,37700.11718024678,36000.0,H3,16.46668134264643,126.40947396902759,6.875600023941646,35.07814056240839,1900.0,-3600.0,3100.0,-1900.0,nautilus
200033,3,37722.70817604243,36000.0,H3,16.41848184833882,120.8870698803358,6.875600023941646,35.07814056240839,1900.0,-3600.0,3100.0,-1900.0,nautilus
200031,3,38387.797321499944,36000.0,H1,16.53566519611198,131.60361622486664,6.975996485916224,35.06735594292681,1800.0,-4500.0,-2500.0,-1800.0,nautilus
200031,3,38420.378506857174,36000.0,H1,16.516193680868213,121.78686121352759,6.975996485916224,35.06735594292681,1800.0,-4500.0,-2500.0,-1800.0,nautilus
200031,3,38451.70898167172,36000.0,H1,16.583881814521703,116.52046426937835,6.975996485916224,35.06735594292681,1800.0,-4500.0,-2500.0,-1800.0,nautilus
200035,3,39346.670344532715,36000.0,H5,16.461371415234446,130.16444517433808,6.983322330286741,35.042558340531095,2100.0,0.0,0.0,-2100.0,nautilus
200035,3,39381.20124724975,36000.0,H5,16.489040985376988,124.11669611802486,6.983322330286741,35.042558340531095,2100.0,0.0,0.0,-2100.0,nautilus
200035,3,39420.74302977008,36000.0,H5,16.431721125387366,112.81121410955514,6.983322330286741,35.042558340531095,2100.0,0.0,0.0,-2100.0,nautilus
200034,3,42329.12836057848,36000.0,H4,16.671880893400704,117.36835977389785,6.8558612476367085,35.04863587667652,1850.0,4300.0,3300.0,-1850.0,nautilus
200034,3,42363.1101254194,36000.0,H4,16.694926864186375,111.38387582737326,6.8558612476367085,35.04863587667652,1850.0,4300.0,3300.0,-1850.0,nautilus
200034,3,42397.22718576016,36000.0,H4,16.661737083597473,100.32342775032876,6.8558612476367085,35.04863587667652,1850.0,4300.0,3300.0,-1850.0,nautilus
200032,3,42466.32738374933,36000.0,H2,16.56716501231715,119.04068242135719,6.860788421317854,35.05659539320453,1750.0,4200.0,-2300.0,-1750.0,nautilus
200032,3,42506.772350312574,36000.0,H2,16.564242006029207,110.46129037091379,6.860788421317854,35.05659539320453,1750.0,4200.0,-2300.0,-1750.0,nautilus
200032,3,42533.87163637132,36000.0,H2,16.647300262875774,103.54736972558429,6.860788421317854,35.05659539320453,1750.0,4200.0,-2300.0,-1750.0,nautilus
200043,4,49421.3166194317,48000.0,H3,16.844135808759702,136.21808571243736,7.249081943086549,35.071401178870374,1900.0,-3600.0,3100.0,-1900.0,nautilus
200043,4,49456.395641472234,48000.0,H3,16.835296149084023,127.06656655290989,7.249081943086549,35.071401178870374,1900.0,-3600.0,3100.0,-1900.0,nautilus
200043,4,49487.31649664927,48000.0,H3,16.78659013269416,121.33019298416666,7.249081943086549,35.071401178870374,1900.0,-3600.0,3100.0,-1900.0,nautilus
200041,4,50490.94989396941,48000.0,H1,16.869956179581354,132.90348814025745,6.99309620117891,35.04995506143463,1800.0,-4500.0,-2500.0,-1800.0,nautilus
200041,4,50522.64239555772,48000.0,H1,16.88067887685351,125.2002275183029,6.99309620117891,35.04995506143463,1800.0,-4500.0,-2500.0,-1800.0,nautilus
200041,4,50556.685096857545,48000.0,H1,16.867947482501208,117.11008051747349,6.99309620117891,35.04995506143463,1800.0,-4500.0,-2500.0,-1800.0,nautilus
200045,4,51062.08361885799,48000.0,H5,16.80721533654649,128.13427450440665,7.099831083425593,35.05952108010326,2100.0,0.0,0.0,-2100.0,nautilus
200045,4,51099.86890675257,48000.0,H5,16.76067714774696,120.93974556490127,7.099831083425593,35.05952108010326,2100.0,0.0,0.0,-2100.0,nautilus
200045,4,51131.51469361508,48000.0,H5,16.71226227459616,113.48198680826906,7.099831083425593,35.05952108010326,2100.0,0.0,0.0,-2100.0,nautilus
200044,4,53993.185971312836,48000.0,H4,16.755264511420602,121.35092815510069,7.109625145557794,35.06442117900689,1850.0,4300.0,3300.0,-1850.0,nautilus
200044,4,54023.20315526071,48000.0,H4,16.683071326625846,114.14524294597673,7.109625145557794,35.06442117900689,1850.0,4300.0,3300.0,-1850.0,nautilus
200044,4,54063.33188384022,48000.0,H4,16.766085753976984,106.3526385435548,7.109625145557794,35.06442117900689,1850.0,4300.0,3300.0,-1850.0,nautilus
200042,4,54208.28755679251,48000.0,H2,16.942858610935524,118.8552895251115,7.115821283274013,35.06817878003945,1750.0,4200.0,-2300.0,-1750.0,nautilus
200042,4,54237.31122702116,48000.0,H2,16.872406906627717,111.70992877758027,7.115821283274013,35.06817878003945,1750.0,4200.0,-2300.0,-1750.0,nautilus
200042,4,54281.64850581949,48000.0,H2,16.935361661018078,101.1452784189593,7.115821283274013,35.06817878003945,1750.0,4200.0,-2300.0,-1750.0,nautilus
200053,5,61312.84389242723,60000.0,H3,16.79344937062266,138.49693374308322,6.991096148949142,35.07109864054239,1900.0,-3600.0,3100.0,-1900.0,nautilus
200053,5,61357.446538972144,60000.0,H3,16.75445740241534,130.88343573670906,6.991096148949142,35.07109864054239,1900.0,-3600.0,3100.0,-1900.0,nautilus
200053,5,61379.25727167462,60000.0,H3,16.755748280166344,123.08460878566098,6.991096148949142,35.07109864054239,1900.0,-3600.0,3100.0,-1900.0,nautilus
200051,5,62551.41831883656,60000.0,H1,16.76247264801954,133.51422286370706,7.019436146826659,35.06811240759006,1800.0,-4500.0,-2500.0,-1800.0,nautilus
200051,5,62591.94228765151,60000.0,H1,16.730108025450175,125.67806405604016,7.019436146826659,35.06811240759006,1800.0,-4500.0,-2500.0,-1800.0,nautilus
200051,5,62605.029359929744,60000.0,H1,16.7433292905812,118.49797777210709,7.019436146826659,35.06811240759006,1800.0,-4500.0,-2500.0,-1800.0,nautilus
200055,5,62767.80446000922,60000.0,H5,16.671212962648596,131.74206525226705,6.956049797702171,35.07577605146402,2100.0,0.0,0.0,-2100.0,nautilus
200055,5,62803.80109297748,60000.0,H5,16.635137225825584,124.32537065094937,6.956049797702171,35.07577605146402,2100.0,0.0,0.0,-2100.0,nautilus
200055,5,62831.87168548878,60000.0,H5,16.69285196753763,114.770680080385,6.956049797702171,35.07577605146402,2100.0,0.0,0.0,-2100.0,nautilus
200054,5,65679.78111332581,60000.0,H4,16.789385397928186,120.68209248892433,6.95622734410913,35.0886001644213,1850.0,4300.0,3300.0,-1850.0,nautilus
200054,5,65714.46253440047,60000.0,H4,16.787418905264822,110.96021375869428,6.95622734410913,35.0886001644213,1850.0,4300.0,3300.0,-1850.0,nautilus
200054,5,65743.3004366978,60000.0,H4,16.735311249196155,102.87573296784072,6.95622734410913,35.0886001644213,1850.0,4300.0,3300.0,-1850.0,nautilus
200052,5,65928.68812669328,60000.0,H2,16.820147743773422,118.14095183557562,6.959576570534504,35.080609603856566,1750.0,4200.0,-2300.0,-1750.0,nautilus
200052,5,65962.96459093121,60000.0,H2,16.778783348733196,109.8363641330608,6.959576570534504,35.080609603856566,1750.0,4200.0,-2300.0,-1750.0,nautilus
200052,5,65993.01914579226,60000.0,H2,16.75567141514127,102.09277535306826,6.959576570534504,35.080609603856566,1750.0,4200.0,-2300.0,-1750.0,nautilus
200063,6,73365.23626513968,72000.0,H3,16.616088327496787,135.522122958058,7.281836612361514,35.14432732186516,1900.0,-3600.0,3100.0,-1900.0,nautilus
200063,6,73397.97926888568,72000.0,H3,16.61188560960506,127.42833103008182,7.281836612361514,35.14432732186516,1900.0,-3600.0,3100.0,-1900.0,nautilus
200063,6,73429.20436074884,72000.0,H3,16.612774633228504,119.48344957852288,7.281836612361514,35.14432732186516,1900.0,-3600.0,3100.0,-1900.0,nautilus
200065,6,74445.02617770607,72000.0,H5,16.53145995227962,131.91738836348839,7.270069237539343,35.16640879593344,2100.0,0.0,0.0,-2100.0,nautilus
200065,6,74485.78712999365,72000.0,H5,16.46431693142258,123.3009107379691,7.270069237539343,35.16640879593344,2100.0,0.0,0.0,-2100.0,nautilus
200065,6,74508.79146455639,72000.0,H5,16.427696288384052,116.00889581134837,7.270069237539343,35.16640879593344,2100.0,0.0,0.0,-2100.0,nautilus
200061,6,74561.83043259542,72000.0,H1,16.69933825557852,130.73913983872302,7.288349341963088,35.166609436628214,1800.0,-4500.0,-2500.0,-1800.0,nautilus
200061,6,74599.89379486236,72000.0,H1,16.794749107538657,121.70021324776587,7.288349341963088,35.166609436628214,1800.0,-4500.0,-2500.0,-1800.0,nautilus
200061,6,74623.23305708209,72000.0,H1,16.648740272154303,113.40443082896448,7.288349341963088,35.166609436628214,1800.0,-4500.0,-2500.0,-1800.0,nautilus
200064,6,77387.34796206589,72000.0,H4,16.53948291047216,123.92186751865978,7.2526655884394975,35.160431126674005,1850.0,4300.0,3300.0,-1850.0,nautilus
200064,6,77417.67707425289,72000.0,H4,16.487317688914544,116.52797426981479,7.2526655884394975,35.160431126674005,1850.0,4300.0,3300.0,-1850.0,nautilus
200064,6,77449.26467762567,72000.0,H4,16.551983325815158,107.7389274826891,7.2526655884394975,35.160431126674005,1850.0,4300.0,3300.0,-1850.0,nautilus
200062,6,77611.9970987059,72000.0,H2,16.473536789013558,122.29280868192845,7.2027352024165285,35.15463483620643,1750.0,4200.0,-2300.0,-1750.0,nautilus
200062,6,77648.54124169594,72000.0,H2,16.419749027641128,115.33317582846972,7.2027352024165285,35.15463483620643,1750.0,4200.0,-2300.0,-1750.0,nautilus
200062,6,77672.67272686357,72000.0,H2,16.459265997652764,104.78652958128889,7.2027352024165285,35.15463483620643,1750.0,4200.0,-2300.0,-1750.0,nautilus
200073,7,85559.26076548723,84000.0,H3,16.11265137521569,138.01852915724362,7.482024387648805,35.135578749142496,1900.0,-3600.0,3100.0,-1900.0,nautilus
200073,7,85591.0525749103,84000.0,H3,16.038042786061713,128.72208857704857,7.482024387648805,35.135578749142496,1900.0,-3600.0,3100.0,-1900.0,nautilus
200073,7,85627.37044187842,84000.0,H3,16.176280934109837,121.64768380306522,7.482024387648805,35.135578749142496,1900.0,-3600.0,3100.0,-1900.0,nautilus
200075,7,86104.21238000462,84000.0,H5,16.17961679337276,135.3674184752248,7.638400308478345,35.110539801746,2100.0,0.0,0.0,-2100.0,nautilus
200075,7,86141.54623475081,84000.0,H5,16.208650382417616,127.3122781424038,7.638400308478345,35.110539801746,2100.0,0.0,0.0,-2100.0,nautilus
200075,7,86172.2734749463,84000.0,H5,16.09473257518069,119.00230445049938,7.638400308478345,35.110539801746,2100.0,0.0,0.0,-2100.0,nautilus
200071,7,86545.95125509654,84000.0,H1,16.059995749516435,132.84329029409466,7.5767503831284895,35.097197063485716,1800.0,-4500.0,-2500.0,-1800.0,nautilus
200071,7,86578.56383076146,84000.0,H1,15.999788945039192,125.0788802031058,7.5767503831284895,35.097197063485716,1800.0,-4500.0,-2500.0,-1800.0,nautilus
200071,7,86607.15476491113,84000.0,H1,16.0529176079075,116.40408547100837,7.5767503831284895,35.097197063485716,1800.0,-4500.0,-2500.0,-1800.0,nautilus
200074,7,89122.04265729712,84000.0,H4,16.22146351232663,123.35995868264496,7.598370402670951,35.111897432416725,1850.0,4300.0,3300.0,-1850.0,nautilus
200074,7,89159.95200381457,84000.0,H4,16.24125005041711,115.47019691381892,7.598370402670951,35.111897432416725,1850.0,4300.0,3300.0,-1850.0,nautilus
200074,7,89190.14455486716,84000.0,H4,16.18284511167497,107.30388216246149,7.598370402670951,35.111897432416725,1850.0,4300.0,3300.0,-1850.0,nautilus
200072,7,89261.54258864102,84000.0,H2,16.130777398365773,123.27250692252967,7.62608167323237,35.122395378708624,1750.0,4200.0,-2300.0,-1750.0,nautilus
200072,7,89296.6822321261,84000.0,H2,16.16263031492659,115.70314616661278,7.62608167323237,35.122395378708624,1750.0,4200.0,-2300.0,-1750.0,nautilus
200072,7,89335.76934704381,84000.0,H2,16.05506138610979,107.81039403741288,7.62608167323237,35.122395378708624,1750.0,4200.0,-2300.0,-1750.0,nautilus
200085,8,97749.27428020188,96000.0,H5,15.551402247442931,135.6956580453894,7.200909780917961,35.13796204989401,2100.0,0.0,0.0,-2100.0,nautilus
200085,8,97791.24216038913,96000.0,H5,15.554563398025962,127.91451275245761,7.200909780917961,35.13796204989401,2100.0,0.0,0.0,-2100.0,nautilus
200085,8,97823.43571833395,96000.0,H5,15.5451805071307,118.71930890825203,7.200909780917961,35.13796204989401,2100.0,0.0,0.0,-2100.0,nautilus
200083,8,97861.08574611852,96000.0,H3,15.400803043714468,135.10944045985747,7.236631115913258,35.14278220866976,1900.0,-3600.0,3100.0,-1900.0,nautilus
200083,8,97898.23464861394,96000.0,H3,15.355047162423906,127.44629293863393,7.236631115913258,35.14278220866976,1900.0,-3600.0,3100.0,-1900.0,nautilus
200083,8,97926.84087265332,96000.0,H3,15.324681654932085,120.14792043188095,7.236631115913258,35.14278220866976,1900.0,-3600.0,3100.0,-1900.0,nautilus
200081,8,98523.37427272269,96000.0,H1,15.297734420591771,131.8057910778399,7.224724141001253,35.164691597566794,1800.0,-4500.0,-2500.0,-1800.0,nautilus
200081,8,98559.06993026233,96000.0,H1,15.335574424603672,121.0453732151857,7.224724141001253,35.164691597566794,1800.0,-4500.0,-2500.0,-1800.0,nautilus
200081,8,98592.72324964678,96000.0,H1,15.324894427950843,116.48791970307407,7.224724141001253,35.164691597566794,1800.0,-4500.0,-2500.0,-1800.0,nautilus
200084,8,100897.43860892087,96000.0,H4,15.440099963793081,124.5367572780648,7.333829095745602,35.141946311874925,1850.0,4300.0,3300.0,-1850.0,nautilus
200082,8,100899.64229380229,96000.0,H2,15.503140647888468,126.36379099905523,7.275672100061451,35.162484418763356,1750.0,4200.0,-2300.0,-1750.0,nautilus
200084,8,100929.03904324562,96000.0,H4,15.450333124322965,115.83442513226774,7.333829095745602,35.141946311874925,1850.0,4300.0,3300.0,-1850.0,nautilus
200082,8,100935.03943825839,96000.0,H2,15.601012908633223,118.20452369332348,7.275672100061451,35.162484418763356,1750.0,4200.0,-2300.0,-1750.0,nautilus
200084,8,100957.0085935613,96000.0,H4,15.453104350999533,107.6137860602017,7.333829095745602,35.141946311874925,1850.0,4300.0,3300.0,-1850.0,nautilus
200082,8,100965.62667593839,96000.0,H2,15.513064657577852,111.70699469306328,7.275672100061451,35.162484418763356,1750.0,4200.0,-2300.0,-1750.0,nautilus
200095,9,109399.60688653603,108000.0,H5,14.867167930708474,138.70842740144562,7.36986978290512,35.17698355847275,2100.0,0.0,0.0,-2100.0,nautilus
200095,9,109430.29388686296,108000.0,H5,14.842074198551224,130.78807537951158,7.36986978290512,35.17698355847275,2100.0,0.0,0.0,-2100.0,nautilus
200095,9,109465.82207181519,108000.0,H5,14.884291705375551,121.19807074815974,7.36986978290512,35.17698355847275,2100.0,0.0,0.0,-2100.0,nautilus
200093,9,110221.59925375169,108000.0,H3,14.942850883245393,133.65132888897546,7.192782922378294,35.16920342913954,1900.0,-3600.0,3100.0,-1900.0,nautilus
200093,9,110257.67605803908,108000.0,H3,14.917439763281363,127.5755320213182,7.192782922378294,35.16920342913954,1900.0,-3600.0,3100.0,-1900.0,nautilus
200093,9,110289.94759547822,108000.0,H3,14.97114827268903,118.3356187271227,7.192782922378294,35.16920342913954,1900.0,-3600.0,3100.0,-1900.0,nautilus
200091,9,110524.34221541317,108000.0,H1,14.711924020249505,132.88388052601687,7.079783945200393,35.14779710573041,1800.0,-4500.0,-2500.0,-1800.0,nautilus
200091,9,110558.74487713349,108000.0,H1,14.722551954466397,125.50302140511158,7.079783945200393,35.14779710573041,1800.0,-4500.0,-2500.0,-1800.0,nautilus
200091,9,110581.82340111853,108000.0,H1,14.736859805273536,115.99382023389603,7.079783945200393,35.14779710573041,1800.0,-4500.0,-2500.0,-1800.0,nautilus
200092,9,112511.40276100351,108000.0,H2,14.86879736698392,124.69811013931847,7.2093157782749655,35.16174554626888,1750.0,4200.0,-2300.0,-1750.0,nautilus
200092,9,112553.92077907512,108000.0,H2,14.789015558074658,115.66090429769305,7.2093157782749655,35.16174554626888,1750.0,4200.0,-2300.0,-1750.0,nautilus
200092,9,112578.2085268629,108000.0,H2,14.99541265862231,109.65378903185047,7.2093157782749655,35.16174554626888,1750.0,4200.0,-2300.0,-1750.0,nautilus
200094,9,112707.96447785312,108000.0,H4,14.76272730269694,121.45786930683785,7.2461948929865825,35.19018088425841,1850.0,4300.0,3300.0,-1850.0,nautilus
200094,9,112741.78634644854,108000.0,H4,14.72565812007492,113.12767521411351,7.2461948929865825,35.19018088425841,1850.0,4300.0,3300.0,-1850.0,nautilus
200094,9,112771.1540989849,108000.0,H4,14.74564858993418,103.1483483495719,7.2461948929865825,35.19018088425841,1850.0,4300.0,3300.0,-1850.0,nautilus
200105,10,121086.87908873256,120000.0,H5,14.103523965024692,137.06525387653718,7.520942996496306,35.126220055030664,2100.0,0.0,0.0,-2100.0,nautilus
200105,10,121121.30771412213,120000.0,H5,14.04263270710178,129.50062107155262,7.520942996496306,35.126220055030664,2100.0,0.0,0.0,-2100.0,nautilus
200105,10,121157.41349391117,120000.0,H5,14.004655324190342,121.76217667965639,7.520942996496306,35.126220055030664,2100.0,0.0,0.0,-2100.0,nautilus
200101,10,122573.5556111311,120000.0,H1,14.053473486240154,132.96596455767235,7.388147596102716,35.1194175896549,1800.0,-4500.0,-2500.0,-1800.0,nautilus
200103,10,122606.07051996054,120000.0,H3,14.0619912827513,133.44620884459414,7.467453107852802,35.135609902550975,1900.0,-3600.0,3100.0,-1900.0,nautilus
200101,10,122606.15758890877,120000.0,H1,14.14575017177132,126.94645962055695,7.388147596102716,35.1194175896549,1800.0,-4500.0,-2500.0,-1800.0,nautilus
200101,10,122637.31444368575,120000.0,H1,14.088763566282733,116.28948443359236,7.388147596102716,35.1194175896549,1800.0,-4500.0,-2500.0,-1800.0,nautilus
200103,10,122639.50414460039,120000.0,H3,14.066128577506682,124.92615017933906,7.467453107852802,35.135609902550975,1900.0,-3600.0,3100.0,-1900.0,nautilus
200103,10,122682.67946811338,120000.0,H3,13.964398262787475,116.77606714911037,7.467453107852802,35.135609902550975,1900.0,-3600.0,3100.0,-1900.0,nautilus
200102,10,124121.00213379519,120000.0,H2,14.073053944594514,128.8465937658441,7.370692870030879,35.1320523879499,1750.0,4200.0,-2300.0,-1750.0,nautilus
200102,10,124155.18402130526,120000.0,H2,14.05437075935749,123.12715023579392,7.370692870030879,35.1320523879499,1750.0,4200.0,-2300.0,-1750.0,nautilus
200102,10,124192.25107958943,120000.0,H2,14.061120916355927,113.37896804494915,7.370692870030879,35.1320523879499,1750.0,4200.0,-2300.0,-1750.0,nautilus
200104,10,124552.18992327948,120000.0,H4,14.127066023464321,124.27401898980969,7.505606581397119,35.09873249312279,1850.0,4300.0,3300.0,-1850.0,nautilus
200104,10,124587.8814675589,120000.0,H4,14.154044450132947,115.35387940707405,7.505606581397119,35.09873249312279,1850.0,4300.0,3300.0,-1850.0,nautilus
200104,10,124612.53709263788,120000.0,H4,14.10855509901819,106.77624813816779,7.505606581397119,35.09873249312279,1850.0,4300.0,3300.0,-1850.0,nautilus
200115,11,132862.7748474715,132000.0,H5,13.480657078993001,137.67018495509,7.396950728761066,35.12801610836418,2100.0,0.0,0.0,-2100.0,nautilus
200115,11,132894.80230846355,132000.0,H5,13.604974591990786,130.43733358738962,7.396950728761066,35.12801610836418,2100.0,0.0,0.0,-2100.0,nautilus
200115,11,132928.76150346603,132000.0,H5,13.476416127041665,121.99640837597565,7.396950728761066,35.12801610836418,2100.0,0.0,0.0,-2100.0,nautilus
200111,11,134693.57468408553,132000.0,H1,13.471500399512864,131.91293732812352,7.35474334324912,35.13836320957068,1800.0,-4500.0,-2500.0,-1800.0,nautilus
200111,11,134731.4972005694,132000.0,H1,13.491993745396993,122.4562995855548,7.35474334324912,35.13836320957068,1800.0,-4500.0,-2500.0,-1800.0,nautilus
200111,11,134760.92849471763,132000.0,H1,13.45853457503539,116.120484049284,7.35474334324912,35.13836320957068,1800.0,-4500.0,-2500.0,-1800.0,nautilus
200113,11,134997.12326456187,132000.0,H3,13.382431220526417,132.4239762199393,7.267050342910282,35.12080612067437,1900.0,-3600.0,3100.0,-1900.0,nautilus
200113,11,135025.9657119781,132000.0,H3,13.380951156364542,123.44529768045956,7.267050342910282,35.12080612067437,1900.0,-3600.0,3100.0,-1900.0,nautilus
200113,11,135064.85994693835,132000.0,H3,13.358650076120323,114.32353597960194,7.267050342910282,35.12080612067437,1900.0,-3600.0,3100.0,-1900.0,nautilus
200112,11,135741.97695432944,132000.0,H2,13.471393769069387,126.05774683390817,7.207305561265196,35.10342509535879,1750.0,4200.0,-2300.0,-1750.0,nautilus
200112,11,135777.6944232243,132000.0,H2,13.475999460465584,117.41657106666861,7.207305561265196,35.10342509535879,1750.0,4200.0,-2300.0,-1750.0,nautilus
200112,11,135810.35568143026,132000.0,H2,13.435166678149942,110.01924660880324,7.207305561265196,35.10342509535879,1750.0,4200.0,-2300.0,-1750.0,nautilus
200114,11,136425.22091910936,132000.0,H4,13.474901126844225,123.3683610818362,7.289350165640962,35.10212346073357,1850.0,4300.0,3300.0,-1850.0,nautilus
200114,11,136465.7410685519,132000.0,H4,13.470963733767833,114.480991206738,7.289350165640962,35.10212346073357,1850.0,4300.0,3300.0,-1850.0,nautilus
200114,11,136489.8913892072,132000.0,H4,13.445954677783728,106.19911267936217,7.289350165640962,35.10212346073357,1850.0,4300.0,3300.0,-1850.0,nautilus
200125,12,144769.124721782,144000.0,H5,13.078130592679384,138.42253070666032,7.225490153197262,35.13618130255744,2100.0,0.0,0.0,-2100.0,nautilus
200125,12,144807.90363538705,144000.0,H5,13.04280388941146,130.23398083716435,7.225490153197262,35.13618130255744,2100.0,0.0,0.0,-2100.0,nautilus
200125,12,144838.3565750296,144000.0,H5,13.00877494746616,123.61436069927433,7.225490153197262,35.13618130255744,2100.0,0.0,0.0,-2100.0,nautilus
200121,12,146879.7246723908,144000.0,H1,12.866823179209158,133.20703030643102,7.147186029252414,35.133525444008434,1800.0,-4500.0,-2500.0,-1800.0,nautilus
200121,12,146919.21381425342,144000.0,H1,12.907469027790958,124.10591661250622,7.147186029252414,35.133525444008434,1800.0,-4500.0,-2500.0,-1800.0,nautilus
200121,12,146941.38049744384,144000.0,H1,12.971634170791972,117.9799395966812,7.147186029252414,35.133525444008434,1800.0,-4500.0,-2500.0,-1800.0,nautilus
200123,12,147357.91842136075,144000.0,H3,12.928767242654184,129.58600794970957,7.150270034400532,35.1465133361543,1900.0,-3600.0,3100.0,-1900.0,nautilus
200122,12,147375.27545106842,144000.0,H2,13.149100085099597,129.8307446490421,7.09538285563125,35.130995687706076,1750.0,4200.0,-2300.0,-1750.0,nautilus
200123,12,147388.7281636368,144000.0,H3,12.985498767695873,123.89882933158943,7.150270034400532,35.1465133361543,1900.0,-3600.0,3100.0,-1900.0,nautilus
200122,12,147412.1398901707,144000.0,H2,13.164466154835958,121.55282316769096,7.09538285563125,35.130995687706076,1750.0,4200.0,-2300.0,-1750.0,nautilus
200123,12,147419.0354322946,144000.0,H3,12.917808208765527,114.3262070784502,7.150270034400532,35.1465133361543,1900.0,-3600.0,3100.0,-1900.0,nautilus
200122,12,147447.5909923577,144000.0,H2,13.142495508080902,112.68915097118654,7.09538285563125,35.130995687706076,1750.0,4200.0,-2300.0,-1750.0,nautilus
200124,12,148311.25760205704,144000.0,H4,13.129949270852544,126.14768891760885,7.064023008207787,35.15432362681448,1850.0,4300.0,3300.0,-1850.0,nautilus
200124,12,148348.49780884272,144000.0,H4,13.096315671126234,118.42482929436022,7.064023008207787,35.15432362681448,1850.0,4300.0,3300.0,-1850.0,nautilus
200124,12,148383.49260520178,144000.0,H4,13.131737454558104,110.63572719416544,7.064023008207787,35.15432362681448,1850.0,4300.0,3300.0,-1850.0,nautilus
100001,-2,151442.29576113384,150000.0,H5,0.0,117.87922955491355,5.47,35.0,2100.0,0.0,0.0,-2100.0,sync_buoy
100001,-2,153446.1612643078,150000.0,H2,0.0,117.8038040271955,5.225,35.0,1750.0,4200.0,-2300.0,-1750.0,sync_buoy
100001,-2,153485.36744288722,150000.0,H3,0.0,116.0075802158255,5.33,35.0,1900.0,-3600.0,3100.0,-1900.0,sync_buoy
100001,-2,153718.35892954224,150000.0,H1,0.0,117.32433774899435,5.26,35.0,1800.0,-4500.0,-2500.0,-1800.0,sync_buoy
100001,-2,153867.039524069,150000.0,H4,0.0,117.63142410590004,5.295,35.0,1850.0,4300.0,3300.0,-1850.0,sync_buoy
200135,13,156815.48846989952,156000.0,H5,12.751467156807266,139.79524156139254,6.94397024198217,35.117179339198195,2100.0,0.0,0.0,-2100.0,nautilus
200135,13,156849.4478575146,156000.0,H5,12.734395434084336,131.55147993943658,6.94397024198217,35.117179339198195,2100.0,0.0,0.0,-2100.0,nautilus
200135,13,156883.9889066345,156000.0,H5,12.755605613156858,122.8948333517874,6.94397024198217,35.117179339198195,2100.0,0.0,0.0,-2100.0,nautilus
200132,13,159030.80149912386,156000.0,H2,12.723433550920072,130.6828807075307,6.865504583855735,35.11741718943467,1750.0,4200.0,-2300.0,-1750.0,nautilus
200132,13,159068.40710360388,156000.0,H2,12.734124907678922,123.56797507411898,6.865504583855735,35.11741718943467,1750.0,4200.0,-2300.0,-1750.0,nautilus
200132,13,159101.46011364023,156000.0,H2,12.75287566390205,116.95376702091313,6.865504583855735,35.11741718943467,1750.0,4200.0,-2300.0,-1750.0,nautilus
200131,13,159122.5094047651,156000.0,H1,12.863610332641771,129.54127080487785,6.852390617722662,35.0908154324078,1800.0,-4500.0,-2500.0,-1800.0,nautilus
200131,13,159159.91942666905,156000.0,H1,12.842255398545719,121.94759156397512,6.852390617722662,35.0908154324078,1800.0,-4500.0,-2500.0,-1800.0,nautilus
200131,13,159190.18202150057,156000.0,H1,12.831379007955954,113.89630688004429,6.852390617722662,35.0908154324078,1800.0,-4500.0,-2500.0,-1800.0,nautilus
200133,13,159681.5606047387,156000.0,H3,12.737353867907899,127.19358557971191,7.00860448637606,35.150828922123345,1900.0,-3600.0,3100.0,-1900.0,nautilus
200133,13,159719.812293179,156000.0,H3,12.776847228402122,119.93014979587119,7.00860448637606,35.150828922123345,1900.0,-3600.0,3100.0,-1900.0,nautilus
200133,13,159752.35097933063,156000.0,H3,12.760109909136073,111.84660701549824,7.00860448637606,35.150828922123345,1900.0,-3600.0,3100.0,-1900.0,nautilus
200134,13,160189.6354853911,156000.0,H4,12.582045605821662,126.31614911562069,6.910845306871957,35.09613906744978,1850.0,4300.0,3300.0,-1850.0,nautilus
200134,13,160228.6106669766,156000.0,H4,12.600740713658874,117.40481561777493,6.910845306871957,35.09613906744978,1850.0,4300.0,3300.0,-1850.0,nautilus
200134,13,160258.098359075,156000.0,H4,12.503680888024007,110.28944136082258,6.910845306871957,35.09613906744978,1850.0,4300.0,3300.0,-1850.0,nautilus
200145,14,168924.60250761322,168000.0,H5,12.772360691303046,138.2368942945922,7.119490097990283,35.08256709662498,2100.0,0.0,0.0,-2100.0,nautilus
200145,14,168962.17883953964,168000.0,H5,12.822581497689743,129.41540728542302,7.119490097990283,35.08256709662498,2100.0,0.0,0.0,-2100.0,nautilus
200145,14,168987.2862000036,168000.0,H5,12.81659816297879,123.10154686506733,7.119490097990283,35.08256709662498,2100.0,0.0,0.0,-2100.0,nautilus
200142,14,170706.92429091493,168000.0,H2,12.766801280908577,132.58319503078158,6.901356754426462,35.02349693954562,1750.0,4200.0,-2300.0,-1750.0,nautilus
200142,14,170740.8885176801,168000.0,H2,12.730498391537193,123.86777830460944,6.901356754426462,35.02349693954562,1750.0,4200.0,-2300.0,-1750.0,nautilus
200142,14,170779.3171235577,168000.0,H2,12.78043489822337,115.15118885304562,6.901356754426462,35.02349693954562,1750.0,4200.0,-2300.0,-1750.0,nautilus
200141,14,171403.37428625493,168000.0,H1,12.799839866110093,131.00582685353316,6.858215344998511,35.066842545716625,1800.0,-4500.0,-2500.0,-1800.0,nautilus
200141,14,171442.38748098223,168000.0,H1,12.818391864172188,124.78275577651056,6.858215344998511,35.066842545716625,1800.0,-4500.0,-2500.0,-1800.0,nautilus
200141,14,171469.5684310547,168000.0,H1,12.76672612575729,114.62364003787528,6.858215344998511,35.066842545716625,1800.0,-4500.0,-2500.0,-1800.0,nautilus
200143,14,171949.511405328,168000.0,H3,12.599506187631965,124.80837119323242,6.8469051819852815,35.0914841272709,1900.0,-3600.0,3100.0,-1900.0,nautilus
200143,14,171988.43130249498,168000.0,H3,12.61446219526059,116.48863738101974,6.8469051819852815,35.0914841272709,1900.0,-3600.0,3100.0,-1900.0,nautilus
200143,14,172020.75009208376,168000.0,H3,12.627945067350343,110.5646113185486,6.8469051819852815,35.0914841272709,1900.0,-3600.0,3100.0,-1900.0,nautilus
200144,14,172031.57761030295,168000.0,H4,12.684974972169279,127.30333136749611,6.970920323203012,35.05474502004954,1850.0,4300.0,3300.0,-1850.0,nautilus
200144,14,172073.87450304726,168000.0,H4,12.585829147012406,119.00673200734104,6.970920323203012,35.05474502004954,1850.0,4300.0,3300.0,-1850.0,nautilus
200144,14,172094.86975903544,168000.0,H4,12.667440362315029,110.51115829849066,6.970920323203012,35.05474502004954,1850.0,4300.0,3300.0,-1850.0,nautilus
200155,15,181062.31305454287,180000.0,H5,13.089261186479982,136.79062206938022,6.972942427056722,35.08737871280702,2100.0,0.0,0.0,-2100.0,nautilus
200155,15,181099.79985132595,180000.0,H5,13.073870875684898,129.5497390782133,6.972942427056722,35.08737871280702,2100.0,0.0,0.0,-2100.0,nautilus
200155,15,181126.2581821184,180000.0,H5,13.15629731579126,120.82470013206503,6.972942427056722,35.08737871280702,2100.0,0.0,0.0,-2100.0,nautilus
200152,15,182407.49153215613,180000.0,H2,12.997140590475176,131.91110869269474,6.815554568190537,35.106698905897346,1750.0,4200.0,-2300.0,-1750.0,nautilus
200152,15,182441.3386566771,180000.0,H2,12.985786235908643,124.07723286583736,6.815554568190537,35.106698905897346,1750.0,4200.0,-2300.0,-1750.0,nautilus
200152,15,182480.17151252172,180000.0,H2,12.986459989743905,117.04799501146468,6.815554568190537,35.106698905897346,1750.0,4200.0,-2300.0,-1750.0,nautilus
200151,15,183710.1201785128,180000.0,H1,12.881936356401242,127.76528812815604,6.887749225999023,35.032673628865886,1800.0,-4500.0,-2500.0,-1800.0,nautilus
200151,15,183744.8225426032,180000.0,H1,12.975352600781308,120.93828383528891,6.887749225999023,35.032673628865886,1800.0,-4500.0,-2500.0,-1800.0,nautilus
200151,15,183775.6228591397,180000.0,H1,12.925398805725077,112.92314515567249,6.887749225999023,35.032673628865886,1800.0,-4500.0,-2500.0,-1800.0,nautilus
200154,15,183832.36935702027,180000.0,H4,13.06862783259705,128.20986653575224,6.961353247584835,35.07312307024413,1850.0,4300.0,3300.0,-1850.0,nautilus
200154,15,183869.0596484984,180000.0,H4,13.105873250524953,119.81171288306079,6.961353247584835,35.07312307024413,1850.0,4300.0,3300.0,-1850.0,nautilus
200154,15,183887.42392919215,180000.0,H4,13.008519798255596,112.16027666137194,6.961353247584835,35.07312307024413,1850.0,4300.0,3300.0,-1850.0,nautilus
200153,15,184170.2801659283,180000.0,H3,12.948749189325028,123.40996593024337,6.954269510963311,35.08169940367024,1900.0,-3600.0,3100.0,-1900.0,nautilus
200153,15,184206.67671068342,180000.0,H3,12.966202002757576,114.72971749364089,6.954269510963311,35.08169940367024,1900.0,-3600.0,3100.0,-1900.0,nautilus
200153,15,184240.19189632378,180000.0,H3,13.064208071749782,105.94750345128301,6.954269510963311,35.08169940367024,1900.0,-3600.0,3100.0,-1900.0,nautilus
200165,16,193214.48691861887,192000.0,H5,13.435189924721206,139.99325606324396,6.4233354376836465,35.08458073924456,2100.0,0.0,0.0,-2100.0,nautilus
200165,16,193258.46761624698,192000.0,H5,13.43108405447461,130.11554394209185,6.4233354376836465,35.08458073924456,2100.0,0.0,0.0,-2100.0,nautilus
200165,16,193278.68928849068,192000.0,H5,13.392434290206628,123.44552018843042,6.4233354376836465,35.08458073924456,2100.0,0.0,0.0,-2100.0,nautilus
200162,16,194149.9864876889,192000.0,H2,13.604504811777263,131.98818248462968,6.431280492034853,35.092150098003785,1750.0,4200.0,-2300.0,-1750.0,nautilus
200162,16,194188.20801606812,192000.0,H2,13.611475574515792,124.3428706606145,6.431280492034853,35.092150098003785,1750.0,4200.0,-2300.0,-1750.0,nautilus
200162,16,194222.7228815364,192000.0,H2,13.573869886951757,114.92946301191223,6.431280492034853,35.092150098003785,1750.0,4200.0,-2300.0,-1750.0,nautilus
200164,16,195578.15703116992,192000.0,H4,13.3881177691877,127.46511182624697,6.4487148461022334,35.092980664987564,1850.0,4300.0,3300.0,-1850.0,nautilus
200164,16,195621.32616615033,192000.0,H4,13.413301715768146,118.87171747340844,6.4487148461022334,35.092980664987564,1850.0,4300.0,3300.0,-1850.0,nautilus
200164,16,195643.65783049024,192000.0,H4,13.29719603252069,110.31372602400903,6.4487148461022334,35.092980664987564,1850.0,4300.0,3300.0,-1850.0,nautilus
200161,16,196045.65495202766,192000.0,H1,13.408054896836878,125.98652721115596,6.418616099258349,35.07771086326133,1800.0,-4500.0,-2500.0,-1800.0,nautilus
200161,16,196080.02265514876,192000.0,H1,13.371504972200583,115.9780060378563,6.418616099258349,35.07771086326133,1800.0,-4500.0,-2500.0,-1800.0,nautilus
200161,16,196118.44014380174,192000.0,H1,13.461012795755444,110.63428701142163,6.418616099258349,35.07771086326133,1800.0,-4500.0,-2500.0,-1800.0,nautilus
200163,16,196352.23297478684,192000.0,H3,13.457297135409123,126.0435673683437,6.4134894225354735,35.13888847058876,1900.0,-3600.0,3100.0,-1900.0,nautilus
200163,16,196385.08647605375,192000.0,H3,13.451207688810577,117.87926447875917,6.4134894225354735,35.13888847058876,1900.0,-3600.0,3100.0,-1900.0,nautilus
200163,16,196419.63461997485,192000.0,H3,13.509633351988304,109.55308386671705,6.4134894225354735,35.13888847058876,1900.0,-3600.0,3100.0,-1900.0,nautilus
200175,17,205399.338125982,204000.0,H5,14.193170866726371,136.34951004838774,6.507033300612447,34.9840179619902,2100.0,0.0,0.0,-2100.0,nautilus
200175,17,205440.2130948094,204000.0,H5,14.070287795781656,127.67392059772003,6.507033300612447,34.9840179619902,2100.0,0.0,0.0,-2100.0,nautilus
200175,17,205464.62814929598,204000.0,H5,14.143960821970714,120.54818748230805,6.507033300612447,34.9840179619902,2100.0,0.0,0.0,-2100.0,nautilus
200172,17,205947.89922007205,204000.0,H2,13.93830579093936,133.94615593337457,6.382509411363683,34.979223007717046,1750.0,4200.0,-2300.0,-1750.0,nautilus
200172,17,205989.3535804263,204000.0,H2,13.928841373077912,125.11547674635823,6.382509411363683,34.979223007717046,1750.0,4200.0,-2300.0,-1750.0,nautilus
200172,17,206009.85315747873,204000.0,H2,13.925926890913983,118.55204047252357,6.382509411363683,34.979223007717046,1750.0,4200.0,-2300.0,-1750.0,nautilus
200174,17,207275.27655923486,204000.0,H4,14.128824558791756,129.31716474162,6.548330302871158,35.003882450424456,1850.0,4300.0,3300.0,-1850.0,nautilus
200174,17,207311.59921315362,204000.0,H4,14.052279228575156,121.18620051210637,6.548330302871158,35.003882450424456,1850.0,4300.0,3300.0,-1850.0,nautilus
200174,17,207334.63018250512,204000.0,H4,14.109668245541371,114.22842559652196,6.548330302871158,35.003882450424456,1850.0,4300.0,3300.0,-1850.0,nautilus
200171,17,208395.505608825,204000.0,H1,14.149369133510596,126.16325012562342,6.414039911269629,34.998112941840596,1800.0,-4500.0,-2500.0,-1800.0,nautilus
200171,17,208432.82169449097,204000.0,H1,14.14208500821465,117.98911821055016,6.414039911269629,34.998112941840596,1800.0,-4500.0,-2500.0,-1800.0,nautilus
200171,17,208455.70748371613,204000.0,H1,14.081042917754194,110.37267917289176,6.414039911269629,34.998112941840596,1800.0,-4500.0,-2500.0,-1800.0,nautilus
200173,17,208502.90430653672,204000.0,H3,13.95783858883732,128.03984181592287,6.384884920385632,34.95046993747946,1900.0,-3600.0,3100.0,-1900.0,nautilus
200173,17,208535.81520086862,204000.0,H3,13.881829867258533,120.69347398195299,6.384884920385632,34.95046993747946,1900.0,-3600.0,3100.0,-1900.0,nautilus
200173,17,208566.76165448496,204000.0,H3,13.939844860965527,111.36385097678598,6.384884920385632,34.95046993747946,1900.0,-3600.0,3100.0,-1900.0,nautilus
200185,18,217630.00405712193,216000.0,H5,14.791996198391429,136.43256513725578,6.108497729626459,35.024629277031494,2100.0,0.0,0.0,-2100.0,nautilus
200185,18,217671.85838466804,216000.0,H5,14.761839736259024,129.05497320704814,6.108497729626459,35.024629277031494,2100.0,0.0,0.0,-2100.0,nautilus
200185,18,217694.60161694736,216000.0,H5,14.66271808943524,119.67650101578556,6.108497729626459,35.024629277031494,2100.0,0.0,0.0,-2100.0,nautilus
200182,18,217833.26106498038,216000.0,H2,14.803483276248176,136.32738096796194,6.033829936457375,35.08227015363537,1750.0,4200.0,-2300.0,-1750.0,nautilus
200182,18,217869.189850815,216000.0,H2,14.797145176064562,129.04904607949837,6.033829936457375,35.08227015363537,1750.0,4200.0,-2300.0,-1750.0,nautilus
200182,18,217904.2515845502,216000.0,H2,14.866834058295845,120.6560327030971,6.033829936457375,35.08227015363537,1750.0,4200.0,-2300.0,-1750.0,nautilus
200184,18,218935.3996070585,216000.0,H4,14.82389178469215,129.82244231189333,6.178530797756927,35.0458433570304,1850.0,4300.0,3300.0,-1850.0,nautilus
200184,18,218974.95224652128,216000.0,H4,14.832654832287092,121.29169864076991,6.178530797756927,35.0458433570304,1850.0,4300.0,3300.0,-1850.0,nautilus
200184,18,218992.71990354592,216000.0,H4,14.90435778779227,112.12030400106767,6.178530797756927,35.0458433570304,1850.0,4300.0,3300.0,-1850.0,nautilus
200183,18,220648.79397669632,216000.0,H3,14.817805487037706,123.98918284882231,6.087781257258422,35.05374249945458,1900.0,-3600.0,3100.0,-1900.0,nautilus
200183,18,220690.7944361703,216000.0,H3,14.826045514264262,114.50362419723163,6.087781257258422,35.05374249945458,1900.0,-3600.0,3100.0,-1900.0,nautilus
200183,18,220713.95943151755,216000.0,H3,14.74591534362818,109.58077322983641,6.087781257258422,35.05374249945458,1900.0,-3600.0,3100.0,-1900.0,nautilus
200181,18,220765.34024096184,216000.0,H1,14.686246618193369,126.25964631926931,6.203552052482642,35.016752728518696,1800.0,-4500.0,-2500.0,-1800.0,nautilus
200181,18,220804.87977715916,216000.0,H1,14.650994113709336,119.05009989385758,6.203552052482642,35.016752728518696,1800.0,-4500.0,-2500.0,-1800.0,nautilus
200181,18,220836.57931515257,216000.0,H1,14.64009907242385,110.43823718779417,6.203552052482642,35.016752728518696,1800.0,-4500.0,-2500.0,-1800.0,nautilus
200192,19,229822.69224663812,228000.0,H2,15.398015604404554,137.11107345294062,6.157326920653723,34.95284189613146,1750.0,4200.0,-2300.0,-1750.0,nautilus
200192,19,229863.53817407475,228000.0,H2,15.418814887676103,129.49790795377402,6.157326920653723,34.95284189613146,1750.0,4200.0,-2300.0,-1750.0,nautilus
200192,19,229880.77617865367,228000.0,H2,15.333547033706532,121.17255412120383,6.157326920653723,34.95284189613146,1750.0,4200.0,-2300.0,-1750.0,nautilus
200195,19,229910.5369094762,228000.0,H5,15.334170335432491,135.95044165895567,6.025428010136237,34.985835905943276,2100.0,0.0,0.0,-2100.0,nautilus
200195,19,229950.79406137628,228000.0,H5,15.371774993429561,129.5308472447688,6.025428010136237,34.985835905943276,2100.0,0.0,0.0,-2100.0,nautilus
200195,19,229976.50371070064,228000.0,H5,15.464836402710704,118.8233053279264,6.025428010136237,34.985835905943276,2100.0,0.0,0.0,-2100.0,nautilus
200194,19,230569.49771427785,228000.0,H4,15.61355045159722,132.11081695696606,6.023320617410476,34.95440949673417,1850.0,4300.0,3300.0,-1850.0,nautilus
200194,19,230604.77609650316,228000.0,H4,15.544965333082912,123.12542069923975,6.023320617410476,34.95440949673417,1850.0,4300.0,3300.0,-1850.0,nautilus
200194,19,230638.74728651275,228000.0,H4,15.642413790223477,115.46759487336207,6.023320617410476,34.95440949673417,1850.0,4300.0,3300.0,-1850.0,nautilus
200193,19,232800.595992063,228000.0,H3,15.3755411576099,123.26166142729096,6.011182832238285,34.94048181691738,1900.0,-3600.0,3100.0,-1900.0,nautilus
200193,19,232844.3356170964,228000.0,H3,15.395940369085821,117.26880239047378,6.011182832238285,34.94048181691738,1900.0,-3600.0,3100.0,-1900.0,nautilus
200193,19,232868.57796313355,228000.0,H3,15.341561309664417,108.17427281661377,6.011182832238285,34.94048181691738,1900.0,-3600.0,3100.0,-1900.0,nautilus
200191,19,233148.14401192317,228000.0,H1,15.499798338202348,123.3999832136309,6.071008780553793,34.94927971232827,1800.0,-4500.0,-2500.0,-1800.0,nautilus
200191,19,233179.38135357286,228000.0,H1,15.488810485791342,113.78093349782124,6.071008780553793,34.94927971232827,1800.0,-4500.0,-2500.0,-1800.0,nautilus
200191,19,233215.17323544604,228000.0,H1,15.634912304486969,108.1170962884174,6.071008780553793,34.94927971232827,1800.0,-4500.0,-2500.0,-1800.0,nautilus
200202,20,241908.29147844968,240000.0,H2,16.0902554021406,137.29347732038366,5.745389425504033,34.92590661054066,1750.0,4200.0,-2300.0,-1750.0,nautilus
200202,20,241948.0950244779,240000.0,H2,16.04068547885219,129.12903046492892,5.745389425504033,34.92590661054066,1750.0,4200.0,-2300.0,-1750.0,nautilus
200202,20,241965.51862398602,240000.0,H2,16.18679175456652,122.5911038901346,5.745389425504033,34.92590661054066,1750.0,4200.0,-2300.0,-1750.0,nautilus
200204,20,242212.70274767108,240000.0,H4,16.20833207531034,132.02817540861759,6.030581226652849,34.93911374078404,1850.0,4300.0,3300.0,-1850.0,nautilus
200205,20,242229.16853751394,240000.0,H5,16.05960248294854,134.75303656398808,5.703886741799125,34.920615477848855,2100.0,0.0,0.0,-2100.0,nautilus
200204,20,242258.35580707688,240000.0,H4,16.2435766570275,123.69385188227456,6.030581226652849,34.93911374078404,1850.0,4300.0,3300.0,-1850.0,nautilus
200205,20,242264.75168453663,240000.0,H5,16.064664203964607,127.20627587040381,5.703886741799125,34.920615477848855,2100.0,0.0,0.0,-2100.0,nautilus
200204,20,242281.6716952584,240000.0,H4,16.222881757220314,116.30787955947268,6.030581226652849,34.93911374078404,1850.0,4300.0,3300.0,-1850.0,nautilus
200205,20,242285.48284828762,240000.0,H5,16.018938528236244,117.80972466215269,5.703886741799125,34.920615477848855,2100.0,0.0,0.0,-2100.0,nautilus
200203,20,244984.65406937912,240000.0,H3,16.029574857222343,123.60322584259117,5.8146346270758515,34.94765735288028,1900.0,-3600.0,3100.0,-1900.0,nautilus
200203,20,245016.17749833886,240000.0,H3,16.03544847761374,117.23574159818061,5.8146346270758515,34.94765735288028,1900.0,-3600.0,3100.0,-1900.0,nautilus
200203,20,245043.28264475884,240000.0,H3,16.040868832018035,106.70590394095467,5.8146346270758515,34.94765735288028,1900.0,-3600.0,3100.0,-1900.0,nautilus
200201,20,245537.73375147054,240000.0,H1,16.170593292808277,123.07911170506584,5.8535558673682715,34.90622451342417,1800.0,-4500.0,-2500.0,-1800.0,nautilus
200201,20,245566.98025694158,240000.0,H1,16.312038224494092,115.78721372702651,5.8535558673682715,34.90622451342417,1800.0,-4500.0,-2500.0,-1800.0,nautilus
200201,20,245599.85727188818,240000.0,H1,16.125012152433555,108.54661452847775,5.8535558673682715,34.90622451342417,1800.0,-4500.0,-2500.0,-1800.0,nautilus
200214,21,253896.69686120088,252000.0,H4,16.76142157062167,134.77198703431876,6.150703985075805,34.98431789096898,1850.0,4300.0,3300.0,-1850.0,nautilus
200214,21,253927.2056197087,252000.0,H4,16.711250795096618,126.37665186291338,6.150703985075805,34.98431789096898,1850.0,4300.0,3300.0,-1850.0,nautilus
200214,21,253965.46188206636,252000.0,H4,16.798608105949764,118.3729880193183,6.150703985075805,34.98431789096898,1850.0,4300.0,3300.0,-1850.0,nautilus
200212,21,254048.19367055324,252000.0,H2,16.4303351699693,134.0596459330133,6.028750511708479,34.99437172204522,1750.0,4200.0,-2300.0,-1750.0,nautilus
200212,21,254087.9264241246,252000.0,H2,16.5477962542642,125.34391437584463,6.028750511708479,34.99437172204522,1750.0,4200.0,-2300.0,-1750.0,nautilus
200212,21,254107.67335529413,252000.0,H2,16.334519275172628,116.80651280424874,6.028750511708479,34.99437172204522,1750.0,4200.0,-2300.0,-1750.0,nautilus
200215,21,254567.7315114999,252000.0,H5,16.68056413530836,132.2889640902616,6.123828943088746,35.020789959774746,2100.0,0.0,0.0,-2100.0,nautilus
200215,21,254605.41117152746,252000.0,H5,16.716422175706203,126.99447045977105,6.123828943088746,35.020789959774746,2100.0,0.0,0.0,-2100.0,nautilus
200215,21,254635.75123039345,252000.0,H5,16.739377583061568,117.98690830867353,6.123828943088746,35.020789959774746,2100.0,0.0,0.0,-2100.0,nautilus
200213,21,257189.2536963521,252000.0,H3,16.591452098892713,124.88651164570432,6.0783283617337105,34.96412151723652,1900.0,-3600.0,3100.0,-1900.0,nautilus
200213,21,257228.3389475235,252000.0,H3,16.629132509439085,117.5388562001209,6.0783283617337105,34.96412151723652,1900.0,-3600.0,3100.0,-1900.0,nautilus
200213,21,257247.84139022455,252000.0,H3,16.54609695870075,109.16884898022263,6.0783283617337105,34.96412151723652,1900.0,-3600.0,3100.0,-1900.0,nautilus
200211,21,257917.02030125022,252000.0,H1,16.617121014202176,121.35261969738869,6.055316516105892,35.01431262418299,1800.0,-4500.0,-2500.0,-1800.0,nautilus
200211,21,257948.1343574848,252000.0,H1,16.478106353444442,116.00342443647345,6.055316516105892,35.01431262418299,1800.0,-4500.0,-2500.0,-1800.0,nautilus
200211,21,257977.34909252363,252000.0,H1,16.56552682784617,105.52162834498185,6.055316516105892,35.01431262418299,1800.0,-4500.0,-2500.0,-1800.0,nautilus
200224,22,265654.5016593711,264000.0,H4,16.79121230158606,135.6418366455446,5.731239323955228,34.91731401965769,1850.0,4300.0,3300.0,-1850.0,nautilus
200224,22,265688.51875384356,264000.0,H4,16.86525644442965,127.7610335660128,5.731239323955228,34.91731401965769,1850.0,4300.0,3300.0,-1850.0,nautilus
200224,22,265723.2742365414,264000.0,H4,16.807842670291855,118.7347719739382,5.731239323955228,34.91731401965769,1850.0,4300.0,3300.0,-1850.0,nautilus
200222,22,266210.1529078959,264000.0,H2,16.762381322525822,135.56857383970979,5.811677489918431,34.937672978322226,1750.0,4200.0,-2300.0,-1750.0,nautilus
200222,22,266249.1960913588,264000.0,H2,16.91179370194599,125.67528388955769,5.811677489918431,34.937672978322226,1750.0,4200.0,-2300.0,-1750.0,nautilus
200222,22,266281.9683851683,264000.0,H2,16.78130642127962,119.45415861999824,5.811677489918431,34.937672978322226,1750.0,4200.0,-2300.0,-1750.0,nautilus
200225,22,266917.24182291847,264000.0,H5,16.86910417184245,131.2132208029802,5.8190549458232335,34.927452523323815,2100.0,0.0,0.0,-2100.0,nautilus
200225,22,266956.4287789319,264000.0,H5,16.869473830350696,122.05031168418783,5.8190549458232335,34.927452523323815,2100.0,0.0,0.0,-2100.0,nautilus
200225,22,266975.257391698,264000.0,H5,16.90644516488066,115.8727802348585,5.8190549458232335,34.927452523323815,2100.0,0.0,0.0,-2100.0,nautilus
200223,22,269436.64952916914,264000.0,H3,16.80507135327664,124.1060622236543,5.93913839541143,34.92240767901291,1900.0,-3600.0,3100.0,-1900.0,nautilus
200223,22,269470.92795313,264000.0,H3,16.884529789791323,115.17421444998315,5.93913839541143,34.92240767901291,1900.0,-3600.0,3100.0,-1900.0,nautilus
200223,22,269503.47524068644,264000.0,H3,16.74073716329832,108.79363462637616,5.93913839541143,34.92240767901291,1900.0,-3600.0,3100.0,-1900.0,nautilus
200221,22,270288.01872875105,264000.0,H1,16.894074511271405,119.51001926914981,5.765358409979931,34.934797884472445,1800.0,-4500.0,-2500.0,-1800.0,nautilus
200221,22,270318.99761549063,264000.0,H1,16.886761097636796,111.65979490763327,5.765358409979931,34.934797884472445,1800.0,-4500.0,-2500.0,-1800.0,nautilus
200221,22,270358.050978714,264000.0,H1,16.82152907678064,105.53679469099035,5.765358409979931,34.934797884472445,1800.0,-4500.0,-2500.0,-1800.0,nautilus
200234,23,277532.85596155934,276000.0,H4,16.709200635675618,132.85893939947803,6.0038371820833625,34.8315589969621,1850.0,4300.0,3300.0,-1850.0,nautilus
200234,23,277570.00417559664,276000.0,H4,16.71547984957369,125.27035997434993,6.0038371820833625,34.8315589969621,1850.0,4300.0,3300.0,-1850.0,nautilus
200234,23,277594.61565737554,276000.0,H4,16.71589444444629,118.53645851492412,6.0038371820833625,34.8315589969621,1850.0,4300.0,3300.0,-1850.0,nautilus
200232,23,278349.3951074123,276000.0,H2,16.82554143045248,132.7277077902977,6.0225913827875335,34.85061497055055,1750.0,4200.0,-2300.0,-1750.0,nautilus
200232,23,278382.7511762375,276000.0,H2,16.810988663142982,124.27706845527312,6.0225913827875335,34.85061497055055,1750.0,4200.0,-2300.0,-1750.0,nautilus
200232,23,278405.24987352185,276000.0,H2,16.807308929539925,116.68690569957317,6.0225913827875335,34.85061497055055,1750.0,4200.0,-2300.0,-1750.0,nautilus
200235,23,279246.1407923713,276000.0,H5,16.786672062054404,130.58219019163175,6.017954897946666,34.85465739081623,2100.0,0.0,0.0,-2100.0,nautilus
200235,23,279288.3095691391,276000.0,H5,16.84353686910709,122.07370448243907,6.017954897946666,34.85465739081623,2100.0,0.0,0.0,-2100.0,nautilus
200235,23,279309.6759593709,276000.0,H5,16.734365522051664,113.74540441438879,6.017954897946666,34.85465739081623,2100.0,0.0,0.0,-2100.0,nautilus
200233,23,281705.3636132998,276000.0,H3,16.84401184366801,121.14870234913347,5.993016551892979,34.84451384216711,1900.0,-3600.0,3100.0,-1900.0,nautilus
200233,23,281742.43928758416,276000.0,H3,16.899179497534888,112.75398885431599,5.993016551892979,34.84451384216711,1900.0,-3600.0,3100.0,-1900.0,nautilus
200233,23,281766.7974611135,276000.0,H3,16.855379777918497,106.22712145562814,5.993016551892979,34.84451384216711,1900.0,-3600.0,3100.0,-1900.0,nautilus
200231,23,282624.77719476225,276000.0,H1,16.79396028061592,117.40318381107086,5.955335256565798,34.82234580216817,1800.0,-4500.0,-2500.0,-1800.0,nautilus
200231,23,282660.27166856534,276000.0,H1,16.856589907269463,110.0710963035707,5.955335256565798,34.82234580216817,1800.0,-4500.0,-2500.0,-1800.0,nautilus
200231,23,282695.568939329,276000.0,H1,16.903359373842456,102.08968260748352,5.955335256565798,34.82234580216817,1800.0,-4500.0,-2500.0,-1800.0,nautilus
100002,-3,286441.9658371567,285000.0,H5,0.0,116.88593285684894,5.47,35.0,2100.0,0.0,0.0,-2100.0,sync_buoy
100002,-3,288447.048103589,285000.0,H2,0.0,119.14522200745414,5.225,35.0,1750.0,4200.0,-2300.0,-1750.0,sync_buoy
100002,-3,288484.7013989147,285000.0,H3,0.0,117.90271307432991,5.33,35.0,1900.0,-3600.0,3100.0,-1900.0,sync_buoy
100002,-3,288717.61769915355,285000.0,H1,0.0,117.53669242346159,5.26,35.0,1800.0,-4500.0,-2500.0,-1800.0,sync_buoy
100002,-3,288867.0857348808,285000.0,H4,0.0,119.52352940045616,5.295,35.0,1850.0,4300.0,3300.0,-1850.0,sync_buoy
200244,24,289549.1062141441,288000.0,H4,16.516152223094274,133.59702879261442,6.035719473976267,34.86202882795262,1850.0,4300.0,3300.0,-1850.0,nautilus
200244,24,289586.19449744513,288000.0,H4,16.445187194149657,124.9361781873891,6.035719473976267,34.86202882795262,1850.0,4300.0,3300.0,-1850.0,nautilus
200244,24,289611.6335270393,288000.0,H4,16.45834169125715,116.22602912397683,6.035719473976267,34.86202882795262,1850.0,4300.0,3300.0,-1850.0,nautilus
200242,24,290449.5786885378,288000.0,H2,16.543416121069107,130.7362952303003,6.042315710940445,34.82927410375166,1750.0,4200.0,-2300.0,-1750.0,nautilus
200242,24,290483.2179925951,288000.0,H2,16.5306575480171,122.50821604142587,6.042315710940445,34.82927410375166,1750.0,4200.0,-2300.0,-1750.0,nautilus
200242,24,290509.17063447525,288000.0,H2,16.479864508490845,113.8052531733833,6.042315710940445,34.82927410375166,1750.0,4200.0,-2300.0,-1750.0,nautilus
200245,24,291561.504489743,288000.0,H5,16.596130514644166,127.41886567323024,6.106891085708558,34.85244185553007,2100.0,0.0,0.0,-2100.0,nautilus
200245,24,291598.6283842807,288000.0,H5,16.49425950561824,120.65720493381247,6.106891085708558,34.85244185553007,2100.0,0.0,0.0,-2100.0,nautilus
200245,24,291625.4207049319,288000.0,H5,16.556954271454146,111.7583194691378,6.106891085708558,34.85244185553007,2100.0,0.0,0.0,-2100.0,nautilus
200243,24,294002.94628986425,288000.0,H3,16.518799555606712,120.33744825980926,6.015839279040963,34.85564318223207,1900.0,-3600.0,3100.0,-1900.0,nautilus
200243,24,294035.4165632788,288000.0,H3,16.59496545793922,113.18142972518969,6.015839279040963,34.85564318223207,1900.0,-3600.0,3100.0,-1900.0,nautilus
200243,24,294061.3486465912,288000.0,H3,16.557953299379868,102.87154484294717,6.015839279040963,34.85564318223207,1900.0,-3600.0,3100.0,-1900.0,nautilus
200241,24,294941.49465982954,288000.0,H1,16.516207929012488,115.67600464497343,6.019355576606673,34.86106780572593,1800.0,-4500.0,-2500.0,-1800.0,nautilus
200241,24,294978.8211387642,288000.0,H1,16.619098662747508,107.88979909170634,6.019355576606673,34.86106780572593,1800.0,-4500.0,-2500.0,-1800.0,nautilus
200241,24,295009.6171826074,288000.0,H1,16.53004348481373,100.28158614342088,6.019355576606673,34.86106780572593,1800.0,-4500.0,-2500.0,-1800.0,nautilus
200254,25,301698.14171776024,300000.0,H4,16.18587948333803,134.58767773181768,6.099075437434664,34.892779978235794,1850.0,4300.0,3300.0,-1850.0,nautilus
200254,25,301735.33081000036,300000.0,H4,16.116674003121002,125.16951490223187,6.099075437434664,34.892779978235794,1850.0,4300.0,3300.0,-1850.0,nautilus
200254,25,301762.9228089112,300000.0,H4,16.152283820215874,120.86724932583773,6.099075437434664,34.892779978235794,1850.0,4300.0,3300.0,-1850.0,nautilus
200252,25,302507.0196766018,300000.0,H2,16.12001057520033,130.72563492246064,6.032609109791335,34.83221695048374,1750.0,4200.0,-2300.0,-1750.0,nautilus
200252,25,302536.9486833008,300000.0,H2,16.124525910155217,120.34756165339242,6.032609109791335,34.83221695048374,1750.0,4200.0,-2300.0,-1750.0,nautilus
200252,25,302570.3308441992,300000.0,H2,16.08688893471654,115.59699187002737,6.032609109791335,34.83221695048374,1750.0,4200.0,-2300.0,-1750.0,nautilus
200255,25,303857.0988255077,300000.0,H5,16.15595211539528,127.94855577184761,6.154505185099276,34.88606941358072,2100.0,0.0,0.0,-2100.0,nautilus
200255,25,303900.6889861646,300000.0,H5,16.131290067943965,119.17491381443634,6.154505185099276,34.88606941358072,2100.0,0.0,0.0,-2100.0,nautilus
200255,25,303919.8427164014,300000.0,H5,16.16295050242038,110.84601366916486,6.154505185099276,34.88606941358072,2100.0,0.0,0.0,-2100.0,nautilus
200253,25,306319.2874146807,300000.0,H3,16.073166156086586,115.97654968167174,6.075012500304843,34.85783259864998,1900.0,-3600.0,3100.0,-1900.0,nautilus
200253,25,306358.2567579392,300000.0,H3,16.037864795716192,107.69996764450666,6.075012500304843,34.85783259864998,1900.0,-3600.0,3100.0,-1900.0,nautilus
200253,25,306383.91446415504,300000.0,H3,16.132688995404102,101.70156299587599,6.075012500304843,34.85783259864998,1900.0,-3600.0,3100.0,-1900.0,nautilus
200251,25,307223.5168083305,300000.0,H1,16.17634085568426,116.96580592534754,6.021152901823627,34.90093956650637,1800.0,-4500.0,-2500.0,-1800.0,nautilus
200251,25,307258.60654246464,300000.0,H1,16.184577540749935,109.05269914564957,6.021152901823627,34.90093956650637,1800.0,-4500.0,-2500.0,-1800.0,nautilus
200251,25,307292.8103884879,300000.0,H1,16.1619018553949,101.74338867119113,6.021152901823627,34.90093956650637,1800.0,-4500.0,-2500.0,-1800.0,nautilus
200264,26,313955.44583894685,312000.0,H4,15.447295547950493,136.39132185358272,5.738549636545268,34.85295480105002,1850.0,4300.0,3300.0,-1850.0,nautilus
200264,26,313991.74173217564,312000.0,H4,15.559398011701095,128.7526785276162,5.738549636545268,34.85295480105002,1850.0,4300.0,3300.0,-1850.0,nautilus
200264,26,314024.1411031488,312000.0,H4,15.484026947865217,119.20964093657463,5.738549636545268,34.85295480105002,1850.0,4300.0,3300.0,-1850.0,nautilus
200262,26,314528.76845382416,312000.0,H2,15.303509273217434,134.0129634634957,5.668896308285907,34.832131674774274,1750.0,4200.0,-2300.0,-1750.0,nautilus
200262,26,314568.0354998526,312000.0,H2,15.245679831118654,125.6523136117639,5.668896308285907,34.832131674774274,1750.0,4200.0,-2300.0,-1750.0,nautilus
200262,26,314603.3388049701,312000.0,H2,15.188618712429564,118.76513663811373,5.668896308285907,34.832131674774274,1750.0,4200.0,-2300.0,-1750.0,nautilus
200265,26,316148.1956631486,312000.0,H5,15.430435541556353,128.4826819880036,5.536640164770637,34.85014545853467,2100.0,0.0,0.0,-2100.0,nautilus
200265,26,316181.02809303964,312000.0,H5,15.328341756743162,120.04982252974654,5.536640164770637,34.85014545853467,2100.0,0.0,0.0,-2100.0,nautilus
200265,26,316216.32993196876,312000.0,H5,15.41677226398023,112.78990589337933,5.536640164770637,34.85014545853467,2100.0,0.0,0.0,-2100.0,nautilus
200263,26,318656.8848906697,312000.0,H3,15.53050070688565,115.74417254115534,5.580901598112194,34.81588669756283,1900.0,-3600.0,3100.0,-1900.0,nautilus
200263,26,318693.0819680793,312000.0,H3,15.540495224316043,109.15549970301853,5.580901598112194,34.81588669756283,1900.0,-3600.0,3100.0,-1900.0,nautilus
200263,26,318719.72726411873,312000.0,H3,15.58090519110478,99.0022830188372,5.580901598112194,34.81588669756283,1900.0,-3600.0,3100.0,-1900.0,nautilus
200261,26,319490.32352193864,312000.0,H1,15.499973769029285,113.89117168194696,5.595647073792828,34.86962431414885,1800.0,-4500.0,-2500.0,-1800.0,nautilus
200261,26,319530.89507951064,312000.0,H1,15.544820385012956,106.34705094897984,5.595647073792828,34.86962431414885,1800.0,-4500.0,-2500.0,-1800.0,nautilus
200261,26,319558.43855697254,312000.0,H1,15.47249491939578,96.9403398546611,5.595647073792828,34.86962431414885,1800.0,-4500.0,-2500.0,-1800.0,nautilus
200274,27,326279.87130616483,324000.0,H4,14.80519789338387,134.90379144705017,6.102028472414925,34.906519847125146,1850.0,4300.0,3300.0,-1850.0,nautilus
200274,27,326322.855725601,324000.0,H4,14.754112157857271,126.88433521146399,6.102028472414925,34.906519847125146,1850.0,4300.0,3300.0,-1850.0,nautilus
200274,27,326339.5914091222,324000.0,H4,14.68892962208653,119.5024605714324,6.102028472414925,34.906519847125146,1850.0,4300.0,3300.0,-1850.0,nautilus
200272,27,326535.4954491067,324000.0,H2,14.801757538243345,130.96263666071232,6.138226256549402,34.87070842943694,1750.0,4200.0,-2300.0,-1750.0,nautilus
200272,27,326572.2585558142,324000.0,H2,14.826933682133173,123.36033567324144,6.138226256549402,34.87070842943694,1750.0,4200.0,-2300.0,-1750.0,nautilus
200272,27,326601.6381132694,324000.0,H2,14.813052850219798,115.95283125627202,6.138226256549402,34.87070842943694,1750.0,4200.0,-2300.0,-1750.0,nautilus
200275,27,328423.35459379817,324000.0,H5,14.669904274633803,126.55951319875426,6.166700673913818,34.875807293763735,2100.0,0.0,0.0,-2100.0,nautilus
200275,27,328463.1744273829,324000.0,H5,14.71051200126584,118.31836418508415,6.166700673913818,34.875807293763735,2100.0,0.0,0.0,-2100.0,nautilus
200275,27,328485.4368946445,324000.0,H5,14.665623493801869,110.55819426629922,6.166700673913818,34.875807293763735,2100.0,0.0,0.0,-2100.0,nautilus
200273,27,330999.6012039445,324000.0,H3,14.768489826574243,115.46695894835597,6.127140780150315,34.868682484260084,1900.0,-3600.0,3100.0,-1900.0,nautilus
200273,27,331038.12318889896,324000.0,H3,14.70462898844046,106.75287678933523,6.127140780150315,34.868682484260084,1900.0,-3600.0,3100.0,-1900.0,nautilus
200273,27,331056.2810318659,324000.0,H3,14.876249419210131,99.67371488056229,6.127140780150315,34.868682484260084,1900.0,-3600.0,3100.0,-1900.0,nautilus
200271,27,331727.4321439137,324000.0,H1,14.762576908977245,111.71553342433249,5.996292915598118,34.843150785325946,1800.0,-4500.0,-2500.0,-1800.0,nautilus
200271,27,331760.54150843393,324000.0,H1,14.765786843869842,104.77751637909061,5.996292915598118,34.843150785325946,1800.0,-4500.0,-2500.0,-1800.0,nautilus
200271,27,331792.737502665,324000.0,H1,14.840596757015385,95.41924010081468,5.996292915598118,34.843150785325946,1800.0,-4500.0,-2500.0,-1800.0,nautilus
