X_m,Y_m,Seabed_Depth_m
-12000.0,-9000.0,8331.673757454322
-11282.05128205128,-9000.0,7931.540439384888
-10564.102564102564,-9000.0,7554.164855743006
-9846.153846153846,-9000.0,7201.813631589317
-9128.205128205129,-9000.0,6876.596570381263
-8410.25641025641,-9000.0,6580.391566171544
-7692.307692307692,-9000.0,6314.7777694509405
-6974.358974358975,-9000.0,6080.979385259815
-6256.410256410257,-9000.0,5879.822103790801
-5538.461538461539,-9000.0,5711.703714115352
-4820.512820512821,-9000.0,5576.579946890218
-4102.564102564103,-9000.0,5473.966049901192
-3384.6153846153848,-9000.0,5402.954040370627
-2666.666666666668,-9000.0,5362.245020019947
-1948.7179487179492,-9000.0,5350.195402795648
-1230.7692307692323,-9000.0,5364.875410016293
-512.8205128205136,-9000.0,5404.137751101107
205.12820512820508,-9000.0,5465.69404553638
923.076923076922,-9000.0,5547.196266225669
1641.0256410256409,-9000.0,5646.320305658956
2358.9743589743575,-9000.0,5760.848690784893
3076.923076923076,-9000.0,5888.749502767893
3794.871794871793,-9000.0,6028.248692879797
4512.820512820512,-9000.0,6177.893220807056
5230.7692307692305,-9000.0,6336.602768284205
5948.717948717949,-9000.0,6503.7081875679105
6666.666666666664,-9000.0,6678.975316372339
7384.615384615383,-9000.0,6862.613311693407
8102.564102564102,-9000.0,7055.267205921567
8820.51282051282,-9000.0,7257.994950170678
9538.461538461535,-9000.0,7472.229761849768
10256.410256410254,-9000.0,7699.729116525779
10974.358974358973,-9000.0,7942.512199454367
11692.307692307691,-9000.0,8202.78804287572
12410.25641025641,-9000.0,8482.876906665528
13128.205128205123,-9000.0,8785.12770039985
13846.153846153844,-9000.0,9111.834385778551
14564.102564102564,-9000.0,9465.154334640973
15282.05128205128,-9000.0,9847.031548207991
16000.0,-9000.0,10259.127470174
-12000.0,-8454.545454545454,8050.074018265888
-11282.05128205128,-8454.545454545454,7649.940700196454
-10564.102564102564,-8454.545454545454,7272.565116554572
-9846.153846153846,-8454.545454545454,6920.213892400883
-9128.205128205129,-8454.545454545454,6594.996831192829
-8410.25641025641,-8454.545454545454,6298.79182698311
-7692.307692307692,-8454.545454545454,6033.178030262507
-6974.358974358975,-8454.545454545454,5799.379646071381
-6256.410256410257,-8454.545454545454,5598.222364602367
-5538.461538461539,-8454.545454545454,5430.103974926918
-4820.512820512821,-8454.545454545454,5294.980207701784
-4102.564102564103,-8454.545454545454,5192.366310712758
-3384.6153846153848,-8454.545454545454,5121.354301182193
-2666.666666666668,-8454.545454545454,5080.645280831513
-1948.7179487179492,-8454.545454545454,5068.595663607214
-1230.7692307692323,-8454.545454545454,5083.275670827859
-512.8205128205136,-8454.545454545454,5122.538011912673
205.12820512820508,-8454.545454545454,5184.094306347946
923.076923076922,-8454.545454545454,5265.596527037235
1641.0256410256409,-8454.545454545454,5364.7205664705225
2358.9743589743575,-8454.545454545454,5479.248951596459
3076.923076923076,-8454.545454545454,5607.149763579459
3794.871794871793,-8454.545454545454,5746.648953691363
4512.820512820512,-8454.545454545454,5896.2934816186225
5230.7692307692305,-8454.545454545454,6055.003029095771
5948.717948717949,-8454.545454545454,6222.108448379477
6666.666666666664,-8454.545454545454,6397.375577183905
7384.615384615383,-8454.545454545454,6581.013572504973
8102.564102564102,-8454.545454545454,6773.667466733134
8820.51282051282,-8454.545454545454,6976.395210982244
9538.461538461535,-8454.545454545454,7190.630022661334
10256.410256410254,-8454.545454545454,7418.129377337345
10974.358974358973,-8454.545454545454,7660.912460265933
11692.307692307691,-8454.545454545454,7921.188303687286
12410.25641025641,-8454.545454545454,8201.277167477094
13128.205128205123,-8454.545454545454,8503.527961211415
13846.153846153844,-8454.545454545454,8830.23464659012
14564.102564102564,-8454.545454545454,9183.554595452537
15282.05128205128,-8454.545454545454,9565.431809019556
16000.0,-8454.545454545454,9977.527730985565
-12000.0,-7909.090909090909,7777.37781095334
-11282.05128205128,-7909.090909090909,7377.244492883905
-10564.102564102564,-7909.090909090909,6999.868909242024
-9846.153846153846,-7909.090909090909,6647.517685088335
-9128.205128205129,-7909.090909090909,6322.30062388028
-8410.25641025641,-7909.090909090909,6026.095619670561
-7692.307692307692,-7909.090909090909,5760.481822949957
-6974.358974358975,-7909.090909090909,5526.683438758832
-6256.410256410257,-7909.090909090909,5325.526157289817
-5538.461538461539,-7909.090909090909,5157.407767614369
-4820.512820512821,-7909.090909090909,5022.284000389236
-4102.564102564103,-7909.090909090909,4919.670103400209
-3384.6153846153848,-7909.090909090909,4848.658093869645
-2666.666666666668,-7909.090909090909,4807.949073518964
-1948.7179487179492,-7909.090909090909,4795.899456294665
-1230.7692307692323,-7909.090909090909,4810.5794635153115
-512.8205128205136,-7909.090909090909,4849.841804600125
205.12820512820508,-7909.090909090909,4911.3980990353975
923.076923076922,-7909.090909090909,4992.900319724687
1641.0256410256409,-7909.090909090909,5092.024359157975
2358.9743589743575,-7909.090909090909,5206.55274428391
3076.923076923076,-7909.090909090909,5334.453556266911
3794.871794871793,-7909.090909090909,5473.952746378814
4512.820512820512,-7909.090909090909,5623.597274306074
5230.7692307692305,-7909.090909090909,5782.3068217832215
5948.717948717949,-7909.090909090909,5949.412241066929
6666.666666666664,-7909.090909090909,6124.679369871355
7384.615384615383,-7909.090909090909,6308.317365192425
8102.564102564102,-7909.090909090909,6500.971259420585
8820.51282051282,-7909.090909090909,6703.699003669695
9538.461538461535,-7909.090909090909,6917.933815348785
10256.410256410254,-7909.090909090909,7145.433170024797
10974.358974358973,-7909.090909090909,7388.216252953384
11692.307692307691,-7909.090909090909,7648.492096374737
12410.25641025641,-7909.090909090909,7928.580960164544
13128.205128205123,-7909.090909090909,8230.831753898867
13846.153846153844,-7909.090909090909,8557.53843927757
14564.102564102564,-7909.090909090909,8910.858388139988
15282.05128205128,-7909.090909090909,9292.735601707009
16000.0,-7909.090909090909,9704.831523673014
-12000.0,-7363.636363636364,7513.785558990919
-11282.05128205128,-7363.636363636364,7113.652240921484
-10564.102564102564,-7363.636363636364,6736.276657279603
-9846.153846153846,-7363.636363636364,6383.9254331259135
-9128.205128205129,-7363.636363636364,6058.708371917859
-8410.25641025641,-7363.636363636364,5762.50336770814
-7692.307692307692,-7363.636363636364,5496.889570987536
-6974.358974358975,-7363.636363636364,5263.091186796411
-6256.410256410257,-7363.636363636364,5061.933905327395
-5538.461538461539,-7363.636363636364,4893.815515651948
-4820.512820512821,-7363.636363636364,4758.691748426814
-4102.564102564103,-7363.636363636364,4656.077851437788
-3384.6153846153848,-7363.636363636364,4585.065841907223
-2666.666666666668,-7363.636363636364,4544.356821556543
-1948.7179487179492,-7363.636363636364,4532.307204332244
-1230.7692307692323,-7363.636363636364,4546.98721155289
-512.8205128205136,-7363.636363636364,4586.249552637703
205.12820512820508,-7363.636363636364,4647.805847072977
923.076923076922,-7363.636363636364,4729.308067762266
1641.0256410256409,-7363.636363636364,4828.432107195553
2358.9743589743575,-7363.636363636364,4942.960492321489
3076.923076923076,-7363.636363636364,5070.86130430449
3794.871794871793,-7363.636363636364,5210.360494416393
4512.820512820512,-7363.636363636364,5360.005022343653
5230.7692307692305,-7363.636363636364,5518.7145698208005
5948.717948717949,-7363.636363636364,5685.819989104507
6666.666666666664,-7363.636363636364,5861.0871179089345
7384.615384615383,-7363.636363636364,6044.725113230003
8102.564102564102,-7363.636363636364,6237.379007458164
8820.51282051282,-7363.636363636364,6440.106751707274
9538.461538461535,-7363.636363636364,6654.341563386364
10256.410256410254,-7363.636363636364,6881.840918062376
10974.358974358973,-7363.636363636364,7124.624000990963
11692.307692307691,-7363.636363636364,7384.899844412316
12410.25641025641,-7363.636363636364,7664.988708202124
13128.205128205123,-7363.636363636364,7967.239501936446
13846.153846153844,-7363.636363636364,8293.946187315149
14564.102564102564,-7363.636363636364,8647.266136177566
15282.05128205128,-7363.636363636364,9029.143349744589
16000.0,-7363.636363636364,9441.239271710594
-12000.0,-6818.181818181818,7259.853468941501
-11282.05128205128,-6818.181818181818,6859.720150872066
-10564.102564102564,-6818.181818181818,6482.344567230185
-9846.153846153846,-6818.181818181818,6129.993343076497
-9128.205128205129,-6818.181818181818,5804.776281868441
-8410.25641025641,-6818.181818181818,5508.5712776587225
-7692.307692307692,-6818.181818181818,5242.957480938118
-6974.358974358975,-6818.181818181818,5009.159096746994
-6256.410256410257,-6818.181818181818,4808.0018152779785
-5538.461538461539,-6818.181818181818,4639.88342560253
-4820.512820512821,-6818.181818181818,4504.759658377397
-4102.564102564103,-6818.181818181818,4402.14576138837
-3384.6153846153848,-6818.181818181818,4331.133751857806
-2666.666666666668,-6818.181818181818,4290.424731507125
-1948.7179487179492,-6818.181818181818,4278.375114282826
-1230.7692307692323,-6818.181818181818,4293.055121503472
-512.8205128205136,-6818.181818181818,4332.317462588286
205.12820512820508,-6818.181818181818,4393.873757023559
923.076923076922,-6818.181818181818,4475.375977712848
1641.0256410256409,-6818.181818181818,4574.500017146135
2358.9743589743575,-6818.181818181818,4689.028402272072
3076.923076923076,-6818.181818181818,4816.929214255072
3794.871794871793,-6818.181818181818,4956.428404366975
4512.820512820512,-6818.181818181818,5106.072932294235
5230.7692307692305,-6818.181818181818,5264.782479771383
5948.717948717949,-6818.181818181818,5431.887899055089
6666.666666666664,-6818.181818181818,5607.155027859517
7384.615384615383,-6818.181818181818,5790.793023180586
8102.564102564102,-6818.181818181818,5983.446917408746
8820.51282051282,-6818.181818181818,6186.174661657857
9538.461538461535,-6818.181818181818,6400.409473336947
10256.410256410254,-6818.181818181818,6627.908828012958
10974.358974358973,-6818.181818181818,6870.691910941546
11692.307692307691,-6818.181818181818,7130.967754362899
12410.25641025641,-6818.181818181818,7411.056618152706
13128.205128205123,-6818.181818181818,7713.307411887028
13846.153846153844,-6818.181818181818,8040.014097265732
14564.102564102564,-6818.181818181818,8393.33404612815
15282.05128205128,-6818.181818181818,8775.211259695172
16000.0,-6818.181818181818,9187.307181661175
-12000.0,-6272.727272727272,7016.470907562269
-11282.05128205128,-6272.727272727272,6616.337589492834
-10564.102564102564,-6272.727272727272,6238.962005850953
-9846.153846153846,-6272.727272727272,5886.610781697264
-9128.205128205129,-6272.727272727272,5561.393720489209
-8410.25641025641,-6272.727272727272,5265.18871627949
-7692.307692307692,-6272.727272727272,4999.574919558886
-6974.358974358975,-6272.727272727272,4765.776535367761
-6256.410256410257,-6272.727272727272,4564.619253898746
-5538.461538461539,-6272.727272727272,4396.500864223298
-4820.512820512821,-6272.727272727272,4261.377096998165
-4102.564102564103,-6272.727272727272,4158.763200009139
-3384.6153846153848,-6272.727272727272,4087.7511904785742
-2666.666666666668,-6272.727272727272,4047.0421701278938
-1948.7179487179492,-6272.727272727272,4034.992552903594
-1230.7692307692323,-6272.727272727272,4049.67256012424
-512.8205128205136,-6272.727272727272,4088.9349012090543
205.12820512820508,-6272.727272727272,4150.491195644327
923.076923076922,-6272.727272727272,4231.993416333616
1641.0256410256409,-6272.727272727272,4331.117455766904
2358.9743589743575,-6272.727272727272,4445.645840892839
3076.923076923076,-6272.727272727272,4573.54665287584
3794.871794871793,-6272.727272727272,4713.045842987743
4512.820512820512,-6272.727272727272,4862.690370915003
5230.7692307692305,-6272.727272727272,5021.3999183921505
5948.717948717949,-6272.727272727272,5188.505337675858
6666.666666666664,-6272.727272727272,5363.7724664802845
7384.615384615383,-6272.727272727272,5547.410461801354
8102.564102564102,-6272.727272727272,5740.064356029514
8820.51282051282,-6272.727272727272,5942.792100278624
9538.461538461535,-6272.727272727272,6157.026911957714
10256.410256410254,-6272.727272727272,6384.526266633726
10974.358974358973,-6272.727272727272,6627.309349562313
11692.307692307691,-6272.727272727272,6887.585192983666
12410.25641025641,-6272.727272727272,7167.674056773473
13128.205128205123,-6272.727272727272,7469.924850507796
13846.153846153844,-6272.727272727272,7796.6315358864995
14564.102564102564,-6272.727272727272,8149.951484748919
15282.05128205128,-6272.727272727272,8531.82869831594
16000.0,-6272.727272727272,8943.924620281945
-12000.0,-5727.272727272727,6784.824228103217
-11282.05128205128,-5727.272727272727,6384.6909100337825
-10564.102564102564,-5727.272727272727,6007.315326391901
-9846.153846153846,-5727.272727272727,5654.964102238213
-9128.205128205129,-5727.272727272727,5329.747041030158
-8410.25641025641,-5727.272727272727,5033.542036820439
-7692.307692307692,-5727.272727272727,4767.9282400998345
-6974.358974358975,-5727.272727272727,4534.12985590871
-6256.410256410257,-5727.272727272727,4332.972574439695
-5538.461538461539,-5727.272727272727,4164.854184764246
-4820.512820512821,-5727.272727272727,4029.7304175391128
-4102.564102564103,-5727.272727272727,3927.1165205500865
-3384.6153846153848,-5727.272727272727,3856.104511019522
-2666.666666666668,-5727.272727272727,3815.395490668842
-1948.7179487179492,-5727.272727272727,3803.3458734445417
-1230.7692307692323,-5727.272727272727,3818.025880665188
-512.8205128205136,-5727.272727272727,3857.2882217500023
205.12820512820508,-5727.272727272727,3918.844516185274
923.076923076922,-5727.272727272727,4000.3467368745632
1641.0256410256409,-5727.272727272727,4099.470776307851
2358.9743589743575,-5727.272727272727,4213.999161433788
3076.923076923076,-5727.272727272727,4341.899973416788
3794.871794871793,-5727.272727272727,4481.399163528691
4512.820512820512,-5727.272727272727,4631.043691455951
5230.7692307692305,-5727.272727272727,4789.753238933099
5948.717948717949,-5727.272727272727,4956.858658216805
6666.666666666664,-5727.272727272727,5132.125787021233
7384.615384615383,-5727.272727272727,5315.763782342302
8102.564102564102,-5727.272727272727,5508.417676570462
8820.51282051282,-5727.272727272727,5711.145420819573
9538.461538461535,-5727.272727272727,5925.380232498663
10256.410256410254,-5727.272727272727,6152.879587174674
10974.358974358973,-5727.272727272727,6395.662670103262
11692.307692307691,-5727.272727272727,6655.938513524615
12410.25641025641,-5727.272727272727,6936.027377314422
13128.205128205123,-5727.272727272727,7238.278171048744
13846.153846153844,-5727.272727272727,7564.984856427448
14564.102564102564,-5727.272727272727,7918.304805289867
15282.05128205128,-5727.272727272727,8300.182018856887
16000.0,-5727.272727272727,8712.277940822893
-12000.0,-5181.818181818182,6566.3485171112925
-11282.05128205128,-5181.818181818182,6166.215199041858
-10564.102564102564,-5181.818181818182,5788.8396153999765
-9846.153846153846,-5181.818181818182,5436.488391246287
-9128.205128205129,-5181.818181818182,5111.271330038233
-8410.25641025641,-5181.818181818182,4815.066325828514
-7692.307692307692,-5181.818181818182,4549.45252910791
-6974.358974358975,-5181.818181818182,4315.654144916785
-6256.410256410257,-5181.818181818182,4114.496863447769
-5538.461538461539,-5181.818181818182,3946.3784737723217
-4820.512820512821,-5181.818181818182,3811.254706547189
-4102.564102564103,-5181.818181818182,3708.640809558162
-3384.6153846153848,-5181.818181818182,3637.628800027597
-2666.666666666668,-5181.818181818182,3596.919779676917
-1948.7179487179492,-5181.818181818182,3584.870162452617
-1230.7692307692323,-5181.818181818182,3599.550169673263
-512.8205128205136,-5181.818181818182,3638.8125107580777
205.12820512820508,-5181.818181818182,3700.36880519335
923.076923076922,-5181.818181818182,3781.8710258826386
1641.0256410256409,-5181.818181818182,3880.9950653159262
2358.9743589743575,-5181.818181818182,3995.523450441862
3076.923076923076,-5181.818181818182,4123.424262424864
3794.871794871793,-5181.818181818182,4262.923452536767
4512.820512820512,-5181.818181818182,4412.567980464027
5230.7692307692305,-5181.818181818182,4571.277527941174
5948.717948717949,-5181.818181818182,4738.382947224881
6666.666666666664,-5181.818181818182,4913.650076029308
7384.615384615383,-5181.818181818182,5097.288071350377
8102.564102564102,-5181.818181818182,5289.941965578538
8820.51282051282,-5181.818181818182,5492.669709827648
9538.461538461535,-5181.818181818182,5706.904521506738
10256.410256410254,-5181.818181818182,5934.40387618275
10974.358974358973,-5181.818181818182,6177.186959111337
11692.307692307691,-5181.818181818182,6437.46280253269
12410.25641025641,-5181.818181818182,6717.551666322498
13128.205128205123,-5181.818181818182,7019.80246005682
13846.153846153844,-5181.818181818182,7346.509145435523
14564.102564102564,-5181.818181818182,7699.829094297942
15282.05128205128,-5181.818181818182,8081.706307864962
16000.0,-5181.818181818182,8493.802229830968
-12000.0,-4636.363636363636,6362.669224368846
-11282.05128205128,-4636.363636363636,5962.535906299411
-10564.102564102564,-4636.363636363636,5585.16032265753
-9846.153846153846,-4636.363636363636,5232.809098503841
-9128.205128205129,-4636.363636363636,4907.592037295786
-8410.25641025641,-4636.363636363636,4611.387033086067
-7692.307692307692,-4636.363636363636,4345.773236365463
-6974.358974358975,-4636.363636363636,4111.974852174339
-6256.410256410257,-4636.363636363636,3910.8175707053233
-5538.461538461539,-4636.363636363636,3742.699181029875
-4820.512820512821,-4636.363636363636,3607.5754138047423
-4102.564102564103,-4636.363636363636,3504.9615168157156
-3384.6153846153848,-4636.363636363636,3433.949507285151
-2666.666666666668,-4636.363636363636,3393.240486934471
-1948.7179487179492,-4636.363636363636,3381.1908697101712
-1230.7692307692323,-4636.363636363636,3395.870876930817
-512.8205128205136,-4636.363636363636,3435.133218015631
205.12820512820508,-4636.363636363636,3496.6895124509037
923.076923076922,-4636.363636363636,3578.1917331401924
1641.0256410256409,-4636.363636363636,3677.31577257348
2358.9743589743575,-4636.363636363636,3791.844157699416
3076.923076923076,-4636.363636363636,3919.744969682417
3794.871794871793,-4636.363636363636,4059.24415979432
4512.820512820512,-4636.363636363636,4208.88868772158
5230.7692307692305,-4636.363636363636,4367.598235198728
5948.717948717949,-4636.363636363636,4534.703654482434
6666.666666666664,-4636.363636363636,4709.970783286862
7384.615384615383,-4636.363636363636,4893.608778607931
8102.564102564102,-4636.363636363636,5086.262672836091
8820.51282051282,-4636.363636363636,5288.990417085201
9538.461538461535,-4636.363636363636,5503.225228764291
10256.410256410254,-4636.363636363636,5730.724583440303
10974.358974358973,-4636.363636363636,5973.507666368891
11692.307692307691,-4636.363636363636,6233.783509790243
12410.25641025641,-4636.363636363636,6513.872373580051
13128.205128205123,-4636.363636363636,6816.123167314373
13846.153846153844,-4636.363636363636,7142.829852693077
14564.102564102564,-4636.363636363636,7496.149801555495
15282.05128205128,-4636.363636363636,7878.027015122516
16000.0,-4636.363636363636,8290.122937088523
-12000.0,-4090.90909090909,6175.536050083886
-11282.05128205128,-4090.90909090909,5775.402732014451
-10564.102564102564,-4090.90909090909,5398.02714837257
-9846.153846153846,-4090.90909090909,5045.675924218881
-9128.205128205129,-4090.90909090909,4720.4588630108265
-8410.25641025641,-4090.90909090909,4424.2538588011075
-7692.307692307692,-4090.90909090909,4158.640062080504
-6974.358974358975,-4090.90909090909,3924.841677889379
-6256.410256410257,-4090.90909090909,3723.684396420364
-5538.461538461539,-4090.90909090909,3555.566006744916
-4820.512820512821,-4090.90909090909,3420.442239519783
-4102.564102564103,-4090.90909090909,3317.8283425307563
-3384.6153846153848,-4090.90909090909,3246.8163330001917
-2666.666666666668,-4090.90909090909,3206.1073126495116
-1948.7179487179492,-4090.90909090909,3194.057695425212
-1230.7692307692323,-4090.90909090909,3208.7377026458576
-512.8205128205136,-4090.90909090909,3248.000043730672
205.12820512820508,-4090.90909090909,3309.5563381659445
923.076923076922,-4090.90909090909,3391.058558855233
1641.0256410256409,-4090.90909090909,3490.182598288521
2358.9743589743575,-4090.90909090909,3604.710983414457
3076.923076923076,-4090.90909090909,3732.6117953974576
3794.871794871793,-4090.90909090909,3872.110985509361
4512.820512820512,-4090.90909090909,4021.7555134366207
5230.7692307692305,-4090.90909090909,4180.465060913769
5948.717948717949,-4090.90909090909,4347.570480197475
6666.666666666664,-4090.90909090909,4522.837609001903
7384.615384615383,-4090.90909090909,4706.475604322972
8102.564102564102,-4090.90909090909,4899.129498551131
8820.51282051282,-4090.90909090909,5101.857242800242
9538.461538461535,-4090.90909090909,5316.092054479332
10256.410256410254,-4090.90909090909,5543.591409155343
10974.358974358973,-4090.90909090909,5786.374492083931
11692.307692307691,-4090.90909090909,6046.650335505284
12410.25641025641,-4090.90909090909,6326.739199295092
13128.205128205123,-4090.90909090909,6628.989993029413
13846.153846153844,-4090.90909090909,6955.696678408117
14564.102564102564,-4090.90909090909,7309.016627270536
15282.05128205128,-4090.90909090909,7690.893840837556
16000.0,-4090.90909090909,8102.989762803563
-12000.0,-3545.454545454545,6006.751778374683
-11282.05128205128,-3545.454545454545,5606.618460305249
-10564.102564102564,-3545.454545454545,5229.2428766633675
-9846.153846153846,-3545.454545454545,4876.891652509679
-9128.205128205129,-3545.454545454545,4551.674591301624
-8410.25641025641,-3545.454545454545,4255.469587091905
-7692.307692307692,-3545.454545454545,3989.855790371301
-6974.358974358975,-3545.454545454545,3756.057406180176
-6256.410256410257,-3545.454545454545,3554.90012471116
-5538.461538461539,-3545.454545454545,3386.781735035712
-4820.512820512821,-3545.454545454545,3251.657967810579
-4102.564102564103,-3545.454545454545,3149.0440708215524
-3384.6153846153848,-3545.454545454545,3078.0320612909877
-2666.666666666668,-3545.454545454545,3037.3230409403077
-1948.7179487179492,-3545.454545454545,3025.273423716008
-1230.7692307692323,-3545.454545454545,3039.9534309366536
-512.8205128205136,-3545.454545454545,3079.215772021468
205.12820512820508,-3545.454545454545,3140.7720664567405
923.076923076922,-3545.454545454545,3222.274287146029
1641.0256410256409,-3545.454545454545,3321.398326579317
2358.9743589743575,-3545.454545454545,3435.926711705253
3076.923076923076,-3545.454545454545,3563.8275236882537
3794.871794871793,-3545.454545454545,3703.326713800157
4512.820512820512,-3545.454545454545,3852.971241727417
5230.7692307692305,-3545.454545454545,4011.680789204565
5948.717948717949,-3545.454545454545,4178.786208488272
6666.666666666664,-3545.454545454545,4354.053337292699
7384.615384615383,-3545.454545454545,4537.691332613768
8102.564102564102,-3545.454545454545,4730.345226841929
8820.51282051282,-3545.454545454545,4933.072971091039
9538.461538461535,-3545.454545454545,5147.307782770129
10256.410256410254,-3545.454545454545,5374.807137446141
10974.358974358973,-3545.454545454545,5617.590220374728
11692.307692307691,-3545.454545454545,5877.866063796081
12410.25641025641,-3545.454545454545,6157.954927585888
13128.205128205123,-3545.454545454545,6460.205721320211
13846.153846153844,-3545.454545454545,6786.912406698914
14564.102564102564,-3545.454545454545,7140.232355561333
15282.05128205128,-3545.454545454545,7522.1095691283535
16000.0,-3545.454545454545,7934.20549109436
-12000.0,-3000.0,5858.098951643395
-11282.05128205128,-3000.0,5457.96563357396
-10564.102564102564,-3000.0,5080.590049932079
-9846.153846153846,-3000.0,4728.23882577839
-9128.205128205129,-3000.0,4403.021764570335
-8410.25641025641,-3000.0,4106.816760360616
-7692.307692307692,-3000.0,3841.202963640013
-6974.358974358975,-3000.0,3607.404579448887
-6256.410256410257,-3000.0,3406.2472979798717
-5538.461538461539,-3000.0,3238.128908304424
-4820.512820512821,-3000.0,3103.0051410792908
-4102.564102564103,-3000.0,3000.391244090264
-3384.6153846153848,-3000.0,2929.3792345596994
-2666.666666666668,-3000.0,2888.6702142090194
-1948.7179487179492,-3000.0,2876.620596984719
-1230.7692307692323,-3000.0,2891.3006042053653
-512.8205128205136,-3000.0,2930.56294529018
205.12820512820508,-3000.0,2992.119239725452
923.076923076922,-3000.0,3073.621460414741
1641.0256410256409,-3000.0,3172.745499848029
2358.9743589743575,-3000.0,3287.273884973965
3076.923076923076,-3000.0,3415.174696956966
3794.871794871793,-3000.0,3554.6738870688687
4512.820512820512,-3000.0,3704.318414996129
5230.7692307692305,-3000.0,3863.0279624732766
5948.717948717949,-3000.0,4030.1333817569825
6666.666666666664,-3000.0,4205.400510561411
7384.615384615383,-3000.0,4389.0385058824795
8102.564102564102,-3000.0,4581.69240011064
8820.51282051282,-3000.0,4784.42014435975
9538.461538461535,-3000.0,4998.65495603884
10256.410256410254,-3000.0,5226.154310714852
10974.358974358973,-3000.0,5468.9373936434395
11692.307692307691,-3000.0,5729.213237064792
12410.25641025641,-3000.0,6009.3021008546
13128.205128205123,-3000.0,6311.552894588922
13846.153846153844,-3000.0,6638.2595799676255
14564.102564102564,-3000.0,6991.579528830044
15282.05128205128,-3000.0,7373.456742397065
16000.0,-3000.0,7785.552664363072
-12000.0,-2454.545454545454,5731.2673682521145
-11282.05128205128,-2454.545454545454,5331.13405018268
-10564.102564102564,-2454.545454545454,4953.7584665407985
-9846.153846153846,-2454.545454545454,4601.407242387109
-9128.205128205129,-2454.545454545454,4276.190181179055
-8410.25641025641,-2454.545454545454,3979.985176969335
-7692.307692307692,-2454.545454545454,3714.371380248732
-6974.358974358975,-2454.545454545454,3480.5729960576073
-6256.410256410257,-2454.545454545454,3279.415714588592
-5538.461538461539,-2454.545454545454,3111.297324913144
-4820.512820512821,-2454.545454545454,2976.173557688011
-4102.564102564103,-2454.545454545454,2873.5596606989843
-3384.6153846153848,-2454.545454545454,2802.5476511684196
-2666.666666666668,-2454.545454545454,2761.8386308177396
-1948.7179487179492,-2454.545454545454,2749.78901359344
-1230.7692307692323,-2454.545454545454,2764.4690208140855
-512.8205128205136,-2454.545454545454,2803.7313618989
205.12820512820508,-2454.545454545454,2865.2876563341724
923.076923076922,-2454.545454545454,2946.789877023461
1641.0256410256409,-2454.545454545454,3045.913916456749
2358.9743589743575,-2454.545454545454,3160.442301582685
3076.923076923076,-2454.545454545454,3288.3431135656856
3794.871794871793,-2454.545454545454,3427.842303677589
4512.820512820512,-2454.545454545454,3577.4868316048487
5230.7692307692305,-2454.545454545454,3736.196379081997
5948.717948717949,-2454.545454545454,3903.3017983657032
6666.666666666664,-2454.545454545454,4078.568927170131
7384.615384615383,-2454.545454545454,4262.2069224912
8102.564102564102,-2454.545454545454,4454.86081671936
8820.51282051282,-2454.545454545454,4657.58856096847
9538.461538461535,-2454.545454545454,4871.82337264756
10256.410256410254,-2454.545454545454,5099.322727323572
10974.358974358973,-2454.545454545454,5342.105810252159
11692.307692307691,-2454.545454545454,5602.381653673512
12410.25641025641,-2454.545454545454,5882.47051746332
13128.205128205123,-2454.545454545454,6184.721311197642
13846.153846153844,-2454.545454545454,6511.427996576345
14564.102564102564,-2454.545454545454,6864.747945438764
15282.05128205128,-2454.545454545454,7246.625159005785
16000.0,-2454.545454545454,7658.721080971792
-12000.0,-1909.090909090908,5627.785352428078
-11282.05128205128,-1909.090909090908,5227.6520343586435
-10564.102564102564,-1909.090909090908,4850.276450716762
-9846.153846153846,-1909.090909090908,4497.925226563073
-9128.205128205129,-1909.090909090908,4172.7081653550185
-8410.25641025641,-1909.090909090908,3876.5031611453
-7692.307692307692,-1909.090909090908,3610.889364424696
-6974.358974358975,-1909.090909090908,3377.090980233571
-6256.410256410257,-1909.090909090908,3175.9336987645556
-5538.461538461539,-1909.090909090908,3007.815309089108
-4820.512820512821,-1909.090909090908,2872.691541863974
-4102.564102564103,-1909.090909090908,2770.077644874948
-3384.6153846153848,-1909.090909090908,2699.0656353443833
-2666.666666666668,-1909.090909090908,2658.3566149937033
-1948.7179487179492,-1909.090909090908,2646.306997769403
-1230.7692307692323,-1909.090909090908,2660.987004990049
-512.8205128205136,-1909.090909090908,2700.249346074864
205.12820512820508,-1909.090909090908,2761.805640510136
923.076923076922,-1909.090909090908,2843.3078611994247
1641.0256410256409,-1909.090909090908,2942.4319006327128
2358.9743589743575,-1909.090909090908,3056.9602857586488
3076.923076923076,-1909.090909090908,3184.8610977416492
3794.871794871793,-1909.090909090908,3324.360287853553
4512.820512820512,-1909.090909090908,3474.0048157808124
5230.7692307692305,-1909.090909090908,3632.714363257961
5948.717948717949,-1909.090909090908,3799.819782541667
6666.666666666664,-1909.090909090908,3975.086911346094
7384.615384615383,-1909.090909090908,4158.724906667163
8102.564102564102,-1909.090909090908,4351.378800895323
8820.51282051282,-1909.090909090908,4554.106545144434
9538.461538461535,-1909.090909090908,4768.341356823524
10256.410256410254,-1909.090909090908,4995.840711499535
10974.358974358973,-1909.090909090908,5238.623794428123
11692.307692307691,-1909.090909090908,5498.899637849476
12410.25641025641,-1909.090909090908,5778.988501639284
13128.205128205123,-1909.090909090908,6081.239295373605
13846.153846153844,-1909.090909090908,6407.945980752309
14564.102564102564,-1909.090909090908,6761.265929614728
15282.05128205128,-1909.090909090908,7143.143143181748
16000.0,-1909.090909090908,7555.239065147755
-12000.0,-1363.636363636363,5548.957591894845
-11282.05128205128,-1363.636363636363,5148.82427382541
-10564.102564102564,-1363.636363636363,4771.448690183529
-9846.153846153846,-1363.636363636363,4419.09746602984
-9128.205128205129,-1363.636363636363,4093.8804048217858
-8410.25641025641,-1363.636363636363,3797.6754006120673
-7692.307692307692,-1363.636363636363,3532.0616038914636
-6974.358974358975,-1363.636363636363,3298.2632197003386
-6256.410256410257,-1363.636363636363,3097.1059382313233
-5538.461538461539,-1363.636363636363,2928.9875485558755
-4820.512820512821,-1363.636363636363,2793.8637813307423
-4102.564102564103,-1363.636363636363,2691.2498843417156
-3384.6153846153848,-1363.636363636363,2620.237874811151
-2666.666666666668,-1363.636363636363,2579.528854460471
-1948.7179487179492,-1363.636363636363,2567.4792372361712
-1230.7692307692323,-1363.636363636363,2582.159244456817
-512.8205128205136,-1363.636363636363,2621.421585541631
205.12820512820508,-1363.636363636363,2682.977879976904
923.076923076922,-1363.636363636363,2764.4801006661924
1641.0256410256409,-1363.636363636363,2863.6041400994804
2358.9743589743575,-1363.636363636363,2978.1325252254164
3076.923076923076,-1363.636363636363,3106.033337208417
3794.871794871793,-1363.636363636363,3245.53252732032
4512.820512820512,-1363.636363636363,3395.17705524758
5230.7692307692305,-1363.636363636363,3553.886602724728
5948.717948717949,-1363.636363636363,3720.9920220084346
6666.666666666664,-1363.636363636363,3896.259150812862
7384.615384615383,-1363.636363636363,4079.897146133931
8102.564102564102,-1363.636363636363,4272.55104036209
8820.51282051282,-1363.636363636363,4475.2787846112005
9538.461538461535,-1363.636363636363,4689.5135962902905
10256.410256410254,-1363.636363636363,4917.012950966302
10974.358974358973,-1363.636363636363,5159.79603389489
11692.307692307691,-1363.636363636363,5420.0718773162425
12410.25641025641,-1363.636363636363,5700.16074110605
13128.205128205123,-1363.636363636363,6002.411534840372
13846.153846153844,-1363.636363636363,6329.118220219076
14564.102564102564,-1363.636363636363,6682.438169081494
15282.05128205128,-1363.636363636363,7064.315382648515
16000.0,-1363.636363636363,7476.411304614522
-12000.0,-818.181818181818,5495.812071593552
-11282.05128205128,-818.181818181818,5095.678753524117
-10564.102564102564,-818.181818181818,4718.303169882236
-9846.153846153846,-818.181818181818,4365.951945728547
-9128.205128205129,-818.181818181818,4040.734884520493
-8410.25641025641,-818.181818181818,3744.5298803107735
-7692.307692307692,-818.181818181818,3478.9160835901703
-6974.358974358975,-818.181818181818,3245.117699399045
-6256.410256410257,-818.181818181818,3043.9604179300295
-5538.461538461539,-818.181818181818,2875.842028254582
-4820.512820512821,-818.181818181818,2740.7182610294485
-4102.564102564103,-818.181818181818,2638.1043640404223
-3384.6153846153848,-818.181818181818,2567.0923545098576
-2666.666666666668,-818.181818181818,2526.383334159177
-1948.7179487179492,-818.181818181818,2514.333716934878
-1230.7692307692323,-818.181818181818,2529.013724155523
-512.8205128205136,-818.181818181818,2568.2760652403376
205.12820512820508,-818.181818181818,2629.83235967561
923.076923076922,-818.181818181818,2711.334580364899
1641.0256410256409,-818.181818181818,2810.458619798187
2358.9743589743575,-818.181818181818,2924.987004924122
3076.923076923076,-818.181818181818,3052.887816907123
3794.871794871793,-818.181818181818,3192.387007019027
4512.820512820512,-818.181818181818,3342.0315349462862
5230.7692307692305,-818.181818181818,3500.741082423435
5948.717948717949,-818.181818181818,3667.846501707141
6666.666666666664,-818.181818181818,3843.1136305115688
7384.615384615383,-818.181818181818,4026.7516258326377
8102.564102564102,-818.181818181818,4219.405520060797
8820.51282051282,-818.181818181818,4422.133264309908
9538.461538461535,-818.181818181818,4636.368075988998
10256.410256410254,-818.181818181818,4863.867430665009
10974.358974358973,-818.181818181818,5106.650513593597
11692.307692307691,-818.181818181818,5366.92635701495
12410.25641025641,-818.181818181818,5647.0152208047575
13128.205128205123,-818.181818181818,5949.266014539079
13846.153846153844,-818.181818181818,6275.972699917783
14564.102564102564,-818.181818181818,6629.2926487802015
15282.05128205128,-818.181818181818,7011.169862347222
16000.0,-818.181818181818,7423.265784313229
-12000.0,-272.72727272727207,5469.05826188806
-11282.05128205128,-272.72727272727207,5068.924943818625
-10564.102564102564,-272.72727272727207,4691.549360176744
-9846.153846153846,-272.72727272727207,4339.198136023056
-9128.205128205129,-272.72727272727207,4013.981074815
-8410.25641025641,-272.72727272727207,3717.776070605282
-7692.307692307692,-272.72727272727207,3452.1622738846777
-6974.358974358975,-272.72727272727207,3218.363889693552
-6256.410256410257,-272.72727272727207,3017.206608224537
-5538.461538461539,-272.72727272727207,2849.088218549089
-4820.512820512821,-272.72727272727207,2713.964451323956
-4102.564102564103,-272.72727272727207,2611.3505543349293
-3384.6153846153848,-272.72727272727207,2540.3385448043646
-2666.666666666668,-272.72727272727207,2499.629524453685
-1948.7179487179492,-272.72727272727207,2487.5799072293844
-1230.7692307692323,-272.72727272727207,2502.2599144500305
-512.8205128205136,-272.72727272727207,2541.522255534845
205.12820512820508,-272.72727272727207,2603.078549970118
923.076923076922,-272.72727272727207,2684.580770659406
1641.0256410256409,-272.72727272727207,2783.704810092694
2358.9743589743575,-272.72727272727207,2898.23319521863
3076.923076923076,-272.72727272727207,3026.1340072016305
3794.871794871793,-272.72727272727207,3165.633197313534
4512.820512820512,-272.72727272727207,3315.2777252407936
5230.7692307692305,-272.72727272727207,3473.987272717942
5948.717948717949,-272.72727272727207,3641.092692001648
6666.666666666664,-272.72727272727207,3816.359820806076
7384.615384615383,-272.72727272727207,3999.997816127144
8102.564102564102,-272.72727272727207,4192.651710355305
8820.51282051282,-272.72727272727207,4395.3794546044155
9538.461538461535,-272.72727272727207,4609.6142662835055
10256.410256410254,-272.72727272727207,4837.113620959517
10974.358974358973,-272.72727272727207,5079.896703888105
11692.307692307691,-272.72727272727207,5340.1725473094575
12410.25641025641,-272.72727272727207,5620.2614110992645
13128.205128205123,-272.72727272727207,5922.512204833587
13846.153846153844,-272.72727272727207,6249.218890212291
14564.102564102564,-272.72727272727207,6602.538839074709
15282.05128205128,-272.72727272727207,6984.41605264173
16000.0,-272.72727272727207,7396.511974607737
-12000.0,272.7272727272739,5469.05826188806
-11282.05128205128,272.7272727272739,5068.924943818625
-10564.102564102564,272.7272727272739,4691.549360176744
-9846.153846153846,272.7272727272739,4339.198136023056
-9128.205128205129,272.7272727272739,4013.981074815
-8410.25641025641,272.7272727272739,3717.776070605282
-7692.307692307692,272.7272727272739,3452.162273884678
-6974.358974358975,272.7272727272739,3218.3638896935527
-6256.410256410257,272.7272727272739,3017.2066082245374
-5538.461538461539,272.7272727272739,2849.088218549089
-4820.512820512821,272.7272727272739,2713.9644513239564
-4102.564102564103,272.7272727272739,2611.3505543349293
-3384.6153846153848,272.7272727272739,2540.3385448043646
-2666.666666666668,272.7272727272739,2499.629524453685
-1948.7179487179492,272.7272727272739,2487.579907229385
-1230.7692307692323,272.7272727272739,2502.259914450031
-512.8205128205136,272.7272727272739,2541.5222555348455
205.12820512820508,272.7272727272739,2603.078549970118
923.076923076922,272.7272727272739,2684.580770659406
1641.0256410256409,272.7272727272739,2783.704810092694
2358.9743589743575,272.7272727272739,2898.2331952186305
3076.923076923076,272.7272727272739,3026.134007201631
3794.871794871793,272.7272727272739,3165.633197313534
4512.820512820512,272.7272727272739,3315.277725240794
5230.7692307692305,272.7272727272739,3473.987272717942
5948.717948717949,272.7272727272739,3641.092692001648
6666.666666666664,272.7272727272739,3816.359820806076
7384.615384615383,272.7272727272739,3999.9978161271447
8102.564102564102,272.7272727272739,4192.651710355305
8820.51282051282,272.7272727272739,4395.3794546044155
9538.461538461535,272.7272727272739,4609.6142662835055
10256.410256410254,272.7272727272739,4837.113620959517
10974.358974358973,272.7272727272739,5079.896703888105
11692.307692307691,272.7272727272739,5340.1725473094575
12410.25641025641,272.7272727272739,5620.2614110992645
13128.205128205123,272.7272727272739,5922.512204833587
13846.153846153844,272.7272727272739,6249.218890212291
14564.102564102564,272.7272727272739,6602.538839074709
15282.05128205128,272.7272727272739,6984.41605264173
16000.0,272.7272727272739,7396.511974607737
-12000.0,818.1818181818198,5495.812071593552
-11282.05128205128,818.1818181818198,5095.678753524117
-10564.102564102564,818.1818181818198,4718.303169882236
-9846.153846153846,818.1818181818198,4365.951945728547
-9128.205128205129,818.1818181818198,4040.734884520493
-8410.25641025641,818.1818181818198,3744.529880310774
-7692.307692307692,818.1818181818198,3478.9160835901703
-6974.358974358975,818.1818181818198,3245.1176993990453
-6256.410256410257,818.1818181818198,3043.96041793003
-5538.461538461539,818.1818181818198,2875.842028254582
-4820.512820512821,818.1818181818198,2740.718261029449
-4102.564102564103,818.1818181818198,2638.1043640404223
-3384.6153846153848,818.1818181818198,2567.0923545098576
-2666.666666666668,818.1818181818198,2526.3833341591776
-1948.7179487179492,818.1818181818198,2514.333716934878
-1230.7692307692323,818.1818181818198,2529.0137241555235
-512.8205128205136,818.1818181818198,2568.276065240338
205.12820512820508,818.1818181818198,2629.8323596756104
923.076923076922,818.1818181818198,2711.334580364899
1641.0256410256409,818.1818181818198,2810.458619798187
2358.9743589743575,818.1818181818198,2924.987004924123
3076.923076923076,818.1818181818198,3052.8878169071236
3794.871794871793,818.1818181818198,3192.387007019027
4512.820512820512,818.1818181818198,3342.0315349462867
5230.7692307692305,818.1818181818198,3500.741082423435
5948.717948717949,818.1818181818198,3667.846501707141
6666.666666666664,818.1818181818198,3843.1136305115688
7384.615384615383,818.1818181818198,4026.7516258326377
8102.564102564102,818.1818181818198,4219.405520060797
8820.51282051282,818.1818181818198,4422.133264309908
9538.461538461535,818.1818181818198,4636.368075988998
10256.410256410254,818.1818181818198,4863.867430665009
10974.358974358973,818.1818181818198,5106.650513593597
11692.307692307691,818.1818181818198,5366.92635701495
12410.25641025641,818.1818181818198,5647.0152208047575
13128.205128205123,818.1818181818198,5949.266014539079
13846.153846153844,818.1818181818198,6275.972699917783
14564.102564102564,818.1818181818198,6629.2926487802015
15282.05128205128,818.1818181818198,7011.169862347222
16000.0,818.1818181818198,7423.265784313229
-12000.0,1363.636363636364,5548.957591894846
-11282.05128205128,1363.636363636364,5148.824273825411
-10564.102564102564,1363.636363636364,4771.44869018353
-9846.153846153846,1363.636363636364,4419.097466029842
-9128.205128205129,1363.636363636364,4093.880404821786
-8410.25641025641,1363.636363636364,3797.675400612068
-7692.307692307692,1363.636363636364,3532.0616038914636
-6974.358974358975,1363.636363636364,3298.2632197003386
-6256.410256410257,1363.636363636364,3097.1059382313233
-5538.461538461539,1363.636363636364,2928.9875485558755
-4820.512820512821,1363.636363636364,2793.8637813307423
-4102.564102564103,1363.636363636364,2691.2498843417156
-3384.6153846153848,1363.636363636364,2620.237874811151
-2666.666666666668,1363.636363636364,2579.528854460471
-1948.7179487179492,1363.636363636364,2567.4792372361712
-1230.7692307692323,1363.636363636364,2582.159244456817
-512.8205128205136,1363.636363636364,2621.421585541631
205.12820512820508,1363.636363636364,2682.977879976904
923.076923076922,1363.636363636364,2764.4801006661924
1641.0256410256409,1363.636363636364,2863.6041400994804
2358.9743589743575,1363.636363636364,2978.1325252254164
3076.923076923076,1363.636363636364,3106.033337208417
3794.871794871793,1363.636363636364,3245.53252732032
4512.820512820512,1363.636363636364,3395.17705524758
5230.7692307692305,1363.636363636364,3553.886602724728
5948.717948717949,1363.636363636364,3720.9920220084346
6666.666666666664,1363.636363636364,3896.259150812862
7384.615384615383,1363.636363636364,4079.897146133931
8102.564102564102,1363.636363636364,4272.551040362091
8820.51282051282,1363.636363636364,4475.278784611201
9538.461538461535,1363.636363636364,4689.513596290291
10256.410256410254,1363.636363636364,4917.012950966303
10974.358974358973,1363.636363636364,5159.796033894891
11692.307692307691,1363.636363636364,5420.071877316243
12410.25641025641,1363.636363636364,5700.16074110605
13128.205128205123,1363.636363636364,6002.411534840373
13846.153846153844,1363.636363636364,6329.118220219077
14564.102564102564,1363.636363636364,6682.438169081495
15282.05128205128,1363.636363636364,7064.315382648516
16000.0,1363.636363636364,7476.411304614523
-12000.0,1909.09090909091,5627.785352428078
-11282.05128205128,1909.09090909091,5227.6520343586435
-10564.102564102564,1909.09090909091,4850.276450716762
-9846.153846153846,1909.09090909091,4497.925226563073
-9128.205128205129,1909.09090909091,4172.7081653550185
-8410.25641025641,1909.09090909091,3876.5031611453
-7692.307692307692,1909.09090909091,3610.889364424696
-6974.358974358975,1909.09090909091,3377.090980233571
-6256.410256410257,1909.09090909091,3175.9336987645556
-5538.461538461539,1909.09090909091,3007.815309089108
-4820.512820512821,1909.09090909091,2872.691541863974
-4102.564102564103,1909.09090909091,2770.077644874948
-3384.6153846153848,1909.09090909091,2699.0656353443833
-2666.666666666668,1909.09090909091,2658.3566149937033
-1948.7179487179492,1909.09090909091,2646.306997769403
-1230.7692307692323,1909.09090909091,2660.987004990049
-512.8205128205136,1909.09090909091,2700.249346074864
205.12820512820508,1909.09090909091,2761.805640510136
923.076923076922,1909.09090909091,2843.3078611994247
1641.0256410256409,1909.09090909091,2942.4319006327128
2358.9743589743575,1909.09090909091,3056.9602857586488
3076.923076923076,1909.09090909091,3184.8610977416492
3794.871794871793,1909.09090909091,3324.360287853553
4512.820512820512,1909.09090909091,3474.0048157808124
5230.7692307692305,1909.09090909091,3632.714363257961
5948.717948717949,1909.09090909091,3799.819782541667
6666.666666666664,1909.09090909091,3975.086911346094
7384.615384615383,1909.09090909091,4158.724906667163
8102.564102564102,1909.09090909091,4351.378800895323
8820.51282051282,1909.09090909091,4554.106545144434
9538.461538461535,1909.09090909091,4768.341356823524
10256.410256410254,1909.09090909091,4995.840711499535
10974.358974358973,1909.09090909091,5238.623794428123
11692.307692307691,1909.09090909091,5498.899637849476
12410.25641025641,1909.09090909091,5778.988501639284
13128.205128205123,1909.09090909091,6081.239295373605
13846.153846153844,1909.09090909091,6407.945980752309
14564.102564102564,1909.09090909091,6761.265929614728
15282.05128205128,1909.09090909091,7143.143143181748
16000.0,1909.09090909091,7555.239065147755
-12000.0,2454.545454545456,5731.267368252115
-11282.05128205128,2454.545454545456,5331.134050182681
-10564.102564102564,2454.545454545456,4953.758466540799
-9846.153846153846,2454.545454545456,4601.407242387111
-9128.205128205129,2454.545454545456,4276.190181179056
-8410.25641025641,2454.545454545456,3979.985176969336
-7692.307692307692,2454.545454545456,3714.371380248732
-6974.358974358975,2454.545454545456,3480.5729960576073
-6256.410256410257,2454.545454545456,3279.415714588592
-5538.461538461539,2454.545454545456,3111.297324913144
-4820.512820512821,2454.545454545456,2976.173557688011
-4102.564102564103,2454.545454545456,2873.5596606989843
-3384.6153846153848,2454.545454545456,2802.5476511684196
-2666.666666666668,2454.545454545456,2761.8386308177396
-1948.7179487179492,2454.545454545456,2749.78901359344
-1230.7692307692323,2454.545454545456,2764.4690208140855
-512.8205128205136,2454.545454545456,2803.7313618989
205.12820512820508,2454.545454545456,2865.2876563341724
923.076923076922,2454.545454545456,2946.789877023461
1641.0256410256409,2454.545454545456,3045.913916456749
2358.9743589743575,2454.545454545456,3160.442301582685
3076.923076923076,2454.545454545456,3288.3431135656856
3794.871794871793,2454.545454545456,3427.842303677589
4512.820512820512,2454.545454545456,3577.4868316048487
5230.7692307692305,2454.545454545456,3736.196379081997
5948.717948717949,2454.545454545456,3903.3017983657032
6666.666666666664,2454.545454545456,4078.568927170131
7384.615384615383,2454.545454545456,4262.2069224912
8102.564102564102,2454.545454545456,4454.860816719361
8820.51282051282,2454.545454545456,4657.588560968471
9538.461538461535,2454.545454545456,4871.823372647561
10256.410256410254,2454.545454545456,5099.3227273235725
10974.358974358973,2454.545454545456,5342.10581025216
11692.307692307691,2454.545454545456,5602.381653673513
12410.25641025641,2454.545454545456,5882.47051746332
13128.205128205123,2454.545454545456,6184.7213111976425
13846.153846153844,2454.545454545456,6511.427996576346
14564.102564102564,2454.545454545456,6864.747945438765
15282.05128205128,2454.545454545456,7246.6251590057855
16000.0,2454.545454545456,7658.721080971793
-12000.0,3000.0,5858.098951643395
-11282.05128205128,3000.0,5457.96563357396
-10564.102564102564,3000.0,5080.590049932079
-9846.153846153846,3000.0,4728.23882577839
-9128.205128205129,3000.0,4403.021764570335
-8410.25641025641,3000.0,4106.816760360616
-7692.307692307692,3000.0,3841.202963640013
-6974.358974358975,3000.0,3607.404579448887
-6256.410256410257,3000.0,3406.2472979798717
-5538.461538461539,3000.0,3238.128908304424
-4820.512820512821,3000.0,3103.0051410792908
-4102.564102564103,3000.0,3000.391244090264
-3384.6153846153848,3000.0,2929.3792345596994
-2666.666666666668,3000.0,2888.6702142090194
-1948.7179487179492,3000.0,2876.620596984719
-1230.7692307692323,3000.0,2891.3006042053653
-512.8205128205136,3000.0,2930.56294529018
205.12820512820508,3000.0,2992.119239725452
923.076923076922,3000.0,3073.621460414741
1641.0256410256409,3000.0,3172.745499848029
2358.9743589743575,3000.0,3287.273884973965
3076.923076923076,3000.0,3415.174696956966
3794.871794871793,3000.0,3554.6738870688687
4512.820512820512,3000.0,3704.318414996129
5230.7692307692305,3000.0,3863.0279624732766
5948.717948717949,3000.0,4030.1333817569825
6666.666666666664,3000.0,4205.400510561411
7384.615384615383,3000.0,4389.0385058824795
8102.564102564102,3000.0,4581.69240011064
8820.51282051282,3000.0,4784.42014435975
9538.461538461535,3000.0,4998.65495603884
10256.410256410254,3000.0,5226.154310714852
10974.358974358973,3000.0,5468.9373936434395
11692.307692307691,3000.0,5729.213237064792
12410.25641025641,3000.0,6009.3021008546
13128.205128205123,3000.0,6311.552894588922
13846.153846153844,3000.0,6638.2595799676255
14564.102564102564,3000.0,6991.579528830044
15282.05128205128,3000.0,7373.456742397065
16000.0,3000.0,7785.552664363072
-12000.0,3545.454545454546,6006.751778374683
-11282.05128205128,3545.454545454546,5606.618460305249
-10564.102564102564,3545.454545454546,5229.2428766633675
-9846.153846153846,3545.454545454546,4876.891652509679
-9128.205128205129,3545.454545454546,4551.674591301624
-8410.25641025641,3545.454545454546,4255.469587091905
-7692.307692307692,3545.454545454546,3989.855790371301
-6974.358974358975,3545.454545454546,3756.057406180176
-6256.410256410257,3545.454545454546,3554.9001247111605
-5538.461538461539,3545.454545454546,3386.7817350357127
-4820.512820512821,3545.454545454546,3251.6579678105795
-4102.564102564103,3545.454545454546,3149.044070821553
-3384.6153846153848,3545.454545454546,3078.032061290988
-2666.666666666668,3545.454545454546,3037.323040940308
-1948.7179487179492,3545.454545454546,3025.273423716008
-1230.7692307692323,3545.454545454546,3039.953430936654
-512.8205128205136,3545.454545454546,3079.2157720214686
205.12820512820508,3545.454545454546,3140.772066456741
923.076923076922,3545.454545454546,3222.2742871460296
1641.0256410256409,3545.454545454546,3321.3983265793177
2358.9743589743575,3545.454545454546,3435.9267117052536
3076.923076923076,3545.454545454546,3563.827523688254
3794.871794871793,3545.454545454546,3703.3267138001574
4512.820512820512,3545.454545454546,3852.9712417274177
5230.7692307692305,3545.454545454546,4011.680789204566
5948.717948717949,3545.454545454546,4178.786208488272
6666.666666666664,3545.454545454546,4354.0533372927
7384.615384615383,3545.454545454546,4537.691332613768
8102.564102564102,3545.454545454546,4730.345226841929
8820.51282051282,3545.454545454546,4933.072971091039
9538.461538461535,3545.454545454546,5147.307782770129
10256.410256410254,3545.454545454546,5374.807137446141
10974.358974358973,3545.454545454546,5617.590220374728
11692.307692307691,3545.454545454546,5877.866063796081
12410.25641025641,3545.454545454546,6157.954927585888
13128.205128205123,3545.454545454546,6460.205721320211
13846.153846153844,3545.454545454546,6786.912406698914
14564.102564102564,3545.454545454546,7140.232355561333
15282.05128205128,3545.454545454546,7522.1095691283535
16000.0,3545.454545454546,7934.20549109436
-12000.0,4090.909090909092,6175.536050083887
-11282.05128205128,4090.909090909092,5775.402732014452
-10564.102564102564,4090.909090909092,5398.027148372571
-9846.153846153846,4090.909090909092,5045.675924218883
-9128.205128205129,4090.909090909092,4720.458863010827
-8410.25641025641,4090.909090909092,4424.253858801108
-7692.307692307692,4090.909090909092,4158.640062080504
-6974.358974358975,4090.909090909092,3924.84167788938
-6256.410256410257,4090.909090909092,3723.684396420365
-5538.461538461539,4090.909090909092,3555.5660067449166
-4820.512820512821,4090.909090909092,3420.4422395197835
-4102.564102564103,4090.909090909092,3317.828342530757
-3384.6153846153848,4090.909090909092,3246.816333000192
-2666.666666666668,4090.909090909092,3206.107312649512
-1948.7179487179492,4090.909090909092,3194.057695425212
-1230.7692307692323,4090.909090909092,3208.737702645858
-512.8205128205136,4090.909090909092,3248.0000437306726
205.12820512820508,4090.909090909092,3309.556338165945
923.076923076922,4090.909090909092,3391.0585588552335
1641.0256410256409,4090.909090909092,3490.1825982885216
2358.9743589743575,4090.909090909092,3604.7109834144576
3076.923076923076,4090.909090909092,3732.611795397458
3794.871794871793,4090.909090909092,3872.1109855093614
4512.820512820512,4090.909090909092,4021.755513436621
5230.7692307692305,4090.909090909092,4180.465060913769
5948.717948717949,4090.909090909092,4347.570480197475
6666.666666666664,4090.909090909092,4522.837609001903
7384.615384615383,4090.909090909092,4706.475604322972
8102.564102564102,4090.909090909092,4899.129498551132
8820.51282051282,4090.909090909092,5101.857242800243
9538.461538461535,4090.909090909092,5316.092054479333
10256.410256410254,4090.909090909092,5543.591409155344
10974.358974358973,4090.909090909092,5786.374492083932
11692.307692307691,4090.909090909092,6046.650335505285
12410.25641025641,4090.909090909092,6326.739199295092
13128.205128205123,4090.909090909092,6628.989993029414
13846.153846153844,4090.909090909092,6955.696678408118
14564.102564102564,4090.909090909092,7309.016627270536
15282.05128205128,4090.909090909092,7690.893840837557
16000.0,4090.909090909092,8102.989762803563
-12000.0,4636.363636363638,6362.669224368846
-11282.05128205128,4636.363636363638,5962.535906299411
-10564.102564102564,4636.363636363638,5585.16032265753
-9846.153846153846,4636.363636363638,5232.809098503841
-9128.205128205129,4636.363636363638,4907.592037295786
-8410.25641025641,4636.363636363638,4611.387033086067
-7692.307692307692,4636.363636363638,4345.773236365464
-6974.358974358975,4636.363636363638,4111.974852174339
-6256.410256410257,4636.363636363638,3910.817570705324
-5538.461538461539,4636.363636363638,3742.699181029876
-4820.512820512821,4636.363636363638,3607.5754138047423
-4102.564102564103,4636.363636363638,3504.961516815716
-3384.6153846153848,4636.363636363638,3433.9495072851514
-2666.666666666668,4636.363636363638,3393.2404869344714
-1948.7179487179492,4636.363636363638,3381.1908697101712
-1230.7692307692323,4636.363636363638,3395.8708769308173
-512.8205128205136,4636.363636363638,3435.133218015632
205.12820512820508,4636.363636363638,3496.689512450904
923.076923076922,4636.363636363638,3578.191733140193
1641.0256410256409,4636.363636363638,3677.315772573481
2358.9743589743575,4636.363636363638,3791.844157699417
3076.923076923076,4636.363636363638,3919.7449696824174
3794.871794871793,4636.363636363638,4059.2441597943207
4512.820512820512,4636.363636363638,4208.88868772158
5230.7692307692305,4636.363636363638,4367.598235198728
5948.717948717949,4636.363636363638,4534.703654482435
6666.666666666664,4636.363636363638,4709.970783286863
7384.615384615383,4636.363636363638,4893.6087786079315
8102.564102564102,4636.363636363638,5086.262672836091
8820.51282051282,4636.363636363638,5288.990417085201
9538.461538461535,4636.363636363638,5503.225228764291
10256.410256410254,4636.363636363638,5730.724583440303
10974.358974358973,4636.363636363638,5973.507666368891
11692.307692307691,4636.363636363638,6233.783509790243
12410.25641025641,4636.363636363638,6513.872373580051
13128.205128205123,4636.363636363638,6816.123167314373
13846.153846153844,4636.363636363638,7142.829852693077
14564.102564102564,4636.363636363638,7496.149801555495
15282.05128205128,4636.363636363638,7878.027015122516
16000.0,4636.363636363638,8290.122937088523
-12000.0,5181.818181818184,6566.3485171112925
-11282.05128205128,5181.818181818184,6166.215199041858
-10564.102564102564,5181.818181818184,5788.8396153999765
-9846.153846153846,5181.818181818184,5436.488391246289
-9128.205128205129,5181.818181818184,5111.271330038233
-8410.25641025641,5181.818181818184,4815.066325828514
-7692.307692307692,5181.818181818184,4549.452529107911
-6974.358974358975,5181.818181818184,4315.654144916785
-6256.410256410257,5181.818181818184,4114.49686344777
-5538.461538461539,5181.818181818184,3946.378473772322
-4820.512820512821,5181.818181818184,3811.2547065471895
-4102.564102564103,5181.818181818184,3708.640809558163
-3384.6153846153848,5181.818181818184,3637.628800027598
-2666.666666666668,5181.818181818184,3596.919779676918
-1948.7179487179492,5181.818181818184,3584.8701624526184
-1230.7692307692323,5181.818181818184,3599.550169673264
-512.8205128205136,5181.818181818184,3638.8125107580786
205.12820512820508,5181.818181818184,3700.368805193351
923.076923076922,5181.818181818184,3781.871025882639
1641.0256410256409,5181.818181818184,3880.995065315928
2358.9743589743575,5181.818181818184,3995.523450441864
3076.923076923076,5181.818181818184,4123.424262424864
3794.871794871793,5181.818181818184,4262.923452536767
4512.820512820512,5181.818181818184,4412.567980464027
5230.7692307692305,5181.818181818184,4571.277527941175
5948.717948717949,5181.818181818184,4738.382947224882
6666.666666666664,5181.818181818184,4913.650076029309
7384.615384615383,5181.818181818184,5097.288071350378
8102.564102564102,5181.818181818184,5289.941965578538
8820.51282051282,5181.818181818184,5492.669709827649
9538.461538461535,5181.818181818184,5706.904521506739
10256.410256410254,5181.818181818184,5934.40387618275
10974.358974358973,5181.818181818184,6177.186959111337
11692.307692307691,5181.818181818184,6437.46280253269
12410.25641025641,5181.818181818184,6717.551666322498
13128.205128205123,5181.818181818184,7019.80246005682
13846.153846153844,5181.818181818184,7346.509145435523
14564.102564102564,5181.818181818184,7699.829094297942
15282.05128205128,5181.818181818184,8081.7063078649635
16000.0,5181.818181818184,8493.802229830968
-12000.0,5727.272727272728,6784.824228103217
-11282.05128205128,5727.272727272728,6384.6909100337825
-10564.102564102564,5727.272727272728,6007.315326391901
-9846.153846153846,5727.272727272728,5654.964102238213
-9128.205128205129,5727.272727272728,5329.747041030158
-8410.25641025641,5727.272727272728,5033.542036820439
-7692.307692307692,5727.272727272728,4767.928240099835
-6974.358974358975,5727.272727272728,4534.12985590871
-6256.410256410257,5727.272727272728,4332.972574439695
-5538.461538461539,5727.272727272728,4164.854184764247
-4820.512820512821,5727.272727272728,4029.7304175391137
-4102.564102564103,5727.272727272728,3927.1165205500865
-3384.6153846153848,5727.272727272728,3856.1045110195223
-2666.666666666668,5727.272727272728,3815.3954906688423
-1948.7179487179492,5727.272727272728,3803.3458734445426
-1230.7692307692323,5727.272727272728,3818.025880665188
-512.8205128205136,5727.272727272728,3857.288221750003
205.12820512820508,5727.272727272728,3918.844516185274
923.076923076922,5727.272727272728,4000.3467368745632
1641.0256410256409,5727.272727272728,4099.470776307852
2358.9743589743575,5727.272727272728,4213.999161433788
3076.923076923076,5727.272727272728,4341.899973416788
3794.871794871793,5727.272727272728,4481.399163528692
4512.820512820512,5727.272727272728,4631.043691455951
5230.7692307692305,5727.272727272728,4789.7532389331
5948.717948717949,5727.272727272728,4956.858658216806
6666.666666666664,5727.272727272728,5132.125787021234
7384.615384615383,5727.272727272728,5315.763782342303
8102.564102564102,5727.272727272728,5508.417676570462
8820.51282051282,5727.272727272728,5711.145420819573
9538.461538461535,5727.272727272728,5925.380232498663
10256.410256410254,5727.272727272728,6152.879587174674
10974.358974358973,5727.272727272728,6395.662670103262
11692.307692307691,5727.272727272728,6655.938513524615
12410.25641025641,5727.272727272728,6936.027377314422
13128.205128205123,5727.272727272728,7238.278171048744
13846.153846153844,5727.272727272728,7564.984856427448
14564.102564102564,5727.272727272728,7918.304805289867
15282.05128205128,5727.272727272728,8300.182018856887
16000.0,5727.272727272728,8712.277940822894
-12000.0,6272.727272727274,7016.47090756227
-11282.05128205128,6272.727272727274,6616.337589492836
-10564.102564102564,6272.727272727274,6238.9620058509545
-9846.153846153846,6272.727272727274,5886.610781697265
-9128.205128205129,6272.727272727274,5561.393720489211
-8410.25641025641,6272.727272727274,5265.188716279492
-7692.307692307692,6272.727272727274,4999.574919558888
-6974.358974358975,6272.727272727274,4765.776535367763
-6256.410256410257,6272.727272727274,4564.619253898747
-5538.461538461539,6272.727272727274,4396.5008642233
-4820.512820512821,6272.727272727274,4261.377096998166
-4102.564102564103,6272.727272727274,4158.76320000914
-3384.6153846153848,6272.727272727274,4087.7511904785742
-2666.666666666668,6272.727272727274,4047.042170127894
-1948.7179487179492,6272.727272727274,4034.992552903595
-1230.7692307692323,6272.727272727274,4049.6725601242406
-512.8205128205136,6272.727272727274,4088.934901209055
205.12820512820508,6272.727272727274,4150.491195644328
923.076923076922,6272.727272727274,4231.993416333617
1641.0256410256409,6272.727272727274,4331.117455766905
2358.9743589743575,6272.727272727274,4445.645840892841
3076.923076923076,6272.727272727274,4573.546652875842
3794.871794871793,6272.727272727274,4713.045842987744
4512.820512820512,6272.727272727274,4862.690370915005
5230.7692307692305,6272.727272727274,5021.399918392152
5948.717948717949,6272.727272727274,5188.505337675859
6666.666666666664,6272.727272727274,5363.772466480286
7384.615384615383,6272.727272727274,5547.410461801355
8102.564102564102,6272.727272727274,5740.064356029516
8820.51282051282,6272.727272727274,5942.792100278626
9538.461538461535,6272.727272727274,6157.026911957716
10256.410256410254,6272.727272727274,6384.526266633728
10974.358974358973,6272.727272727274,6627.309349562315
11692.307692307691,6272.727272727274,6887.585192983668
12410.25641025641,6272.727272727274,7167.674056773476
13128.205128205123,6272.727272727274,7469.924850507798
13846.153846153844,6272.727272727274,7796.631535886501
14564.102564102564,6272.727272727274,8149.95148474892
15282.05128205128,6272.727272727274,8531.82869831594
16000.0,6272.727272727274,8943.924620281947
-12000.0,6818.18181818182,7259.853468941502
-11282.05128205128,6818.18181818182,6859.720150872067
-10564.102564102564,6818.18181818182,6482.344567230186
-9846.153846153846,6818.18181818182,6129.993343076497
-9128.205128205129,6818.18181818182,5804.776281868442
-8410.25641025641,6818.18181818182,5508.571277658723
-7692.307692307692,6818.18181818182,5242.957480938119
-6974.358974358975,6818.18181818182,5009.159096746995
-6256.410256410257,6818.18181818182,4808.0018152779785
-5538.461538461539,6818.18181818182,4639.883425602531
-4820.512820512821,6818.18181818182,4504.7596583773975
-4102.564102564103,6818.18181818182,4402.145761388371
-3384.6153846153848,6818.18181818182,4331.133751857807
-2666.666666666668,6818.18181818182,4290.424731507126
-1948.7179487179492,6818.18181818182,4278.375114282827
-1230.7692307692323,6818.18181818182,4293.055121503473
-512.8205128205136,6818.18181818182,4332.317462588287
205.12820512820508,6818.18181818182,4393.87375702356
923.076923076922,6818.18181818182,4475.375977712849
1641.0256410256409,6818.18181818182,4574.500017146136
2358.9743589743575,6818.18181818182,4689.0284022720725
3076.923076923076,6818.18181818182,4816.929214255073
3794.871794871793,6818.18181818182,4956.428404366976
4512.820512820512,6818.18181818182,5106.072932294236
5230.7692307692305,6818.18181818182,5264.782479771384
5948.717948717949,6818.18181818182,5431.88789905509
6666.666666666664,6818.18181818182,5607.155027859518
7384.615384615383,6818.18181818182,5790.793023180587
8102.564102564102,6818.18181818182,5983.446917408747
8820.51282051282,6818.18181818182,6186.1746616578575
9538.461538461535,6818.18181818182,6400.4094733369475
10256.410256410254,6818.18181818182,6627.908828012959
10974.358974358973,6818.18181818182,6870.691910941547
11692.307692307691,6818.18181818182,7130.9677543628995
12410.25641025641,6818.18181818182,7411.056618152707
13128.205128205123,6818.18181818182,7713.307411887029
13846.153846153844,6818.18181818182,8040.014097265733
14564.102564102564,6818.18181818182,8393.334046128153
15282.05128205128,6818.18181818182,8775.211259695172
16000.0,6818.18181818182,9187.30718166118
-12000.0,7363.636363636364,7513.785558990919
-11282.05128205128,7363.636363636364,7113.652240921484
-10564.102564102564,7363.636363636364,6736.276657279603
-9846.153846153846,7363.636363636364,6383.9254331259135
-9128.205128205129,7363.636363636364,6058.708371917859
-8410.25641025641,7363.636363636364,5762.50336770814
-7692.307692307692,7363.636363636364,5496.889570987536
-6974.358974358975,7363.636363636364,5263.091186796411
-6256.410256410257,7363.636363636364,5061.933905327395
-5538.461538461539,7363.636363636364,4893.815515651948
-4820.512820512821,7363.636363636364,4758.691748426814
-4102.564102564103,7363.636363636364,4656.077851437788
-3384.6153846153848,7363.636363636364,4585.065841907223
-2666.666666666668,7363.636363636364,4544.356821556543
-1948.7179487179492,7363.636363636364,4532.307204332244
-1230.7692307692323,7363.636363636364,4546.98721155289
-512.8205128205136,7363.636363636364,4586.249552637703
205.12820512820508,7363.636363636364,4647.805847072977
923.076923076922,7363.636363636364,4729.308067762266
1641.0256410256409,7363.636363636364,4828.432107195553
2358.9743589743575,7363.636363636364,4942.960492321489
3076.923076923076,7363.636363636364,5070.86130430449
3794.871794871793,7363.636363636364,5210.360494416393
4512.820512820512,7363.636363636364,5360.005022343653
5230.7692307692305,7363.636363636364,5518.7145698208005
5948.717948717949,7363.636363636364,5685.819989104507
6666.666666666664,7363.636363636364,5861.0871179089345
7384.615384615383,7363.636363636364,6044.725113230003
8102.564102564102,7363.636363636364,6237.379007458164
8820.51282051282,7363.636363636364,6440.106751707274
9538.461538461535,7363.636363636364,6654.341563386364
10256.410256410254,7363.636363636364,6881.840918062376
10974.358974358973,7363.636363636364,7124.624000990963
11692.307692307691,7363.636363636364,7384.899844412316
12410.25641025641,7363.636363636364,7664.988708202124
13128.205128205123,7363.636363636364,7967.239501936446
13846.153846153844,7363.636363636364,8293.946187315149
14564.102564102564,7363.636363636364,8647.266136177566
15282.05128205128,7363.636363636364,9029.143349744589
16000.0,7363.636363636364,9441.239271710594
-12000.0,7909.090909090912,7777.3778109533405
-11282.05128205128,7909.090909090912,7377.244492883906
-10564.102564102564,7909.090909090912,6999.8689092420245
-9846.153846153846,7909.090909090912,6647.517685088337
-9128.205128205129,7909.090909090912,6322.300623880281
-8410.25641025641,7909.090909090912,6026.095619670562
-7692.307692307692,7909.090909090912,5760.481822949959
-6974.358974358975,7909.090909090912,5526.683438758833
-6256.410256410257,7909.090909090912,5325.526157289819
-5538.461538461539,7909.090909090912,5157.407767614371
-4820.512820512821,7909.090909090912,5022.284000389237
-4102.564102564103,7909.090909090912,4919.67010340021
-3384.6153846153848,7909.090909090912,4848.658093869646
-2666.666666666668,7909.090909090912,4807.949073518966
-1948.7179487179492,7909.090909090912,4795.899456294666
-1230.7692307692323,7909.090909090912,4810.579463515312
-512.8205128205136,7909.090909090912,4849.841804600126
205.12820512820508,7909.090909090912,4911.398099035399
923.076923076922,7909.090909090912,4992.9003197246875
1641.0256410256409,7909.090909090912,5092.024359157976
2358.9743589743575,7909.090909090912,5206.552744283912
3076.923076923076,7909.090909090912,5334.4535562669125
3794.871794871793,7909.090909090912,5473.952746378815
4512.820512820512,7909.090909090912,5623.597274306076
5230.7692307692305,7909.090909090912,5782.306821783223
5948.717948717949,7909.090909090912,5949.41224106693
6666.666666666664,7909.090909090912,6124.679369871357
7384.615384615383,7909.090909090912,6308.317365192426
8102.564102564102,7909.090909090912,6500.971259420586
8820.51282051282,7909.090909090912,6703.699003669697
9538.461538461535,7909.090909090912,6917.933815348787
10256.410256410254,7909.090909090912,7145.433170024798
10974.358974358973,7909.090909090912,7388.216252953385
11692.307692307691,7909.090909090912,7648.492096374738
12410.25641025641,7909.090909090912,7928.580960164546
13128.205128205123,7909.090909090912,8230.831753898867
13846.153846153844,7909.090909090912,8557.53843927757
14564.102564102564,7909.090909090912,8910.858388139988
15282.05128205128,7909.090909090912,9292.73560170701
16000.0,7909.090909090912,9704.831523673016
-12000.0,8454.545454545456,8050.074018265889
-11282.05128205128,8454.545454545456,7649.940700196455
-10564.102564102564,8454.545454545456,7272.565116554573
-9846.153846153846,8454.545454545456,6920.213892400885
-9128.205128205129,8454.545454545456,6594.99683119283
-8410.25641025641,8454.545454545456,6298.791826983111
-7692.307692307692,8454.545454545456,6033.178030262507
-6974.358974358975,8454.545454545456,5799.379646071382
-6256.410256410257,8454.545454545456,5598.222364602367
-5538.461538461539,8454.545454545456,5430.103974926918
-4820.512820512821,8454.545454545456,5294.980207701786
-4102.564102564103,8454.545454545456,5192.366310712759
-3384.6153846153848,8454.545454545456,5121.354301182195
-2666.666666666668,8454.545454545456,5080.645280831513
-1948.7179487179492,8454.545454545456,5068.595663607214
-1230.7692307692323,8454.545454545456,5083.275670827861
-512.8205128205136,8454.545454545456,5122.538011912675
205.12820512820508,8454.545454545456,5184.094306347947
923.076923076922,8454.545454545456,5265.596527037236
1641.0256410256409,8454.545454545456,5364.720566470524
2358.9743589743575,8454.545454545456,5479.24895159646
3076.923076923076,8454.545454545456,5607.14976357946
3794.871794871793,8454.545454545456,5746.648953691363
4512.820512820512,8454.545454545456,5896.293481618623
5230.7692307692305,8454.545454545456,6055.003029095771
5948.717948717949,8454.545454545456,6222.108448379478
6666.666666666664,8454.545454545456,6397.375577183905
7384.615384615383,8454.545454545456,6581.013572504975
8102.564102564102,8454.545454545456,6773.6674667331345
8820.51282051282,8454.545454545456,6976.395210982245
9538.461538461535,8454.545454545456,7190.630022661335
10256.410256410254,8454.545454545456,7418.129377337346
10974.358974358973,8454.545454545456,7660.912460265934
11692.307692307691,8454.545454545456,7921.188303687287
12410.25641025641,8454.545454545456,8201.277167477094
13128.205128205123,8454.545454545456,8503.527961211415
13846.153846153844,8454.545454545456,8830.23464659012
14564.102564102564,8454.545454545456,9183.554595452537
15282.05128205128,8454.545454545456,9565.43180901956
16000.0,8454.545454545456,9977.527730985566
-12000.0,9000.0,8331.673757454322
-11282.05128205128,9000.0,7931.540439384888
-10564.102564102564,9000.0,7554.164855743006
-9846.153846153846,9000.0,7201.813631589317
-9128.205128205129,9000.0,6876.596570381263
-8410.25641025641,9000.0,6580.391566171544
-7692.307692307692,9000.0,6314.7777694509405
-6974.358974358975,9000.0,6080.979385259815
-6256.410256410257,9000.0,5879.822103790801
-5538.461538461539,9000.0,5711.703714115352
-4820.512820512821,9000.0,5576.579946890218
-4102.564102564103,9000.0,5473.966049901192
-3384.6153846153848,9000.0,5402.954040370627
-2666.666666666668,9000.0,5362.245020019947
-1948.7179487179492,9000.0,5350.195402795648
-1230.7692307692323,9000.0,5364.875410016293
-512.8205128205136,9000.0,5404.137751101107
205.12820512820508,9000.0,5465.69404553638
923.076923076922,9000.0,5547.196266225669
1641.0256410256409,9000.0,5646.320305658956
2358.9743589743575,9000.0,5760.848690784893
3076.923076923076,9000.0,5888.749502767893
3794.871794871793,9000.0,6028.248692879797
4512.820512820512,9000.0,6177.893220807056
5230.7692307692305,9000.0,6336.602768284205
5948.717948717949,9000.0,6503.7081875679105
6666.666666666664,9000.0,6678.975316372339
7384.615384615383,9000.0,6862.613311693407
8102.564102564102,9000.0,7055.267205921567
8820.51282051282,9000.0,7257.994950170678
9538.461538461535,9000.0,7472.229761849768
10256.410256410254,9000.0,7699.729116525779
10974.358974358973,9000.0,7942.512199454367
11692.307692307691,9000.0,8202.78804287572
12410.25641025641,9000.0,8482.876906665528
13128.205128205123,9000.0,8785.12770039985
13846.153846153844,9000.0,9111.834385778551
14564.102564102564,9000.0,9465.154334640973
15282.05128205128,9000.0,9847.031548207991
16000.0,9000.0,10259.127470174
