Packet_ID,Ping_Group,Timestamp_ms,Emission_Timestamp_ms,Sensor_ID,Received_Frequency_Hz,Intensity_dB,Temperature_C,Salinity_PSU,Depth_m,X,Y,Z,Source_Label,Sound_Speed_mps,Echo_Rank,Is_Primary,Clock_Drift_ms,Corrected_Timestamp_ms
200001,0,2071.4642844458867,0.0,H1,14.870970687298293,134.37412890117557,6.742493110887589,34.99806209937777,1800.0,-4500.0,-2500.0,-1800.0,nautilus,1477.601526807965,1.0,True,0.0,2071.4642844458867
200001,0,2110.5677115267654,0.0,H1,14.870700709264712,126.95751125535598,6.742493110887589,34.99806209937777,1800.0,-4500.0,-2500.0,-1800.0,nautilus,1477.601526807965,2.0,False,0.0,2110.5677115267654
200001,0,2135.88750206008,0.0,H1,14.888304689742217,116.68592478380904,6.742493110887589,34.99806209937777,1800.0,-4500.0,-2500.0,-1800.0,nautilus,1477.601526807965,3.0,False,0.0,2135.88750206008
200003,0,2764.379525708661,0.0,H3,14.780503413095992,130.27215236722202,6.605887260907568,35.003741753651454,1900.0,-3600.0,3100.0,-1900.0,nautilus,1477.0753692661099,1.0,True,0.0,2764.379525708661
200003,0,2801.0105224428207,0.0,H3,14.784968737384444,121.68112401436576,6.605887260907568,35.003741753651454,1900.0,-3600.0,3100.0,-1900.0,nautilus,1477.0753692661099,2.0,False,0.0,2801.0105224428207
200003,0,2834.489889777946,0.0,H3,14.68061609845064,113.14074489669896,6.605887260907568,35.003741753651454,1900.0,-3600.0,3100.0,-1900.0,nautilus,1477.0753692661099,3.0,False,0.0,2834.489889777946
200005,0,4234.395550362574,0.0,H5,14.865567405983628,126.17525088253696,6.646814676133082,34.997521163384135,2100.0,0.0,0.0,-2100.0,nautilus,1477.2274432383308,1.0,True,16.211553440378566,4218.183996922196
200005,0,4269.382289376005,0.0,H5,14.928420871669347,118.02116330933096,6.646814676133082,34.997521163384135,2100.0,0.0,0.0,-2100.0,nautilus,1477.2274432383308,2.0,False,16.211553440378566,4253.170735935627
200005,0,4309.145785706148,0.0,H5,14.86623363582929,109.48084735483408,6.646814676133082,34.997521163384135,2100.0,0.0,0.0,-2100.0,nautilus,1477.2274432383308,3.0,False,16.211553440378566,4292.934232265769
200002,0,7193.98529636099,0.0,H2,14.705686256595186,112.30821907264514,6.703370254328474,35.04344010416769,1750.0,4200.0,-2300.0,-1750.0,nautilus,1477.5067194154544,1.0,True,0.0,7193.98529636099
200002,0,7230.162502387121,0.0,H2,14.730336921165804,104.1318130067394,6.703370254328474,35.04344010416769,1750.0,4200.0,-2300.0,-1750.0,nautilus,1477.5067194154544,2.0,False,0.0,7230.162502387121
200002,0,7260.834358754134,0.0,H2,14.740809404351213,96.82812670967904,6.703370254328474,35.04344010416769,1750.0,4200.0,-2300.0,-1750.0,nautilus,1477.5067194154544,3.0,False,0.0,7260.834358754134
200004,0,7428.19067331846,0.0,H4,14.845409146921568,115.0101898942664,6.550558312641584,35.013679741691256,1850.0,4300.0,3300.0,-1850.0,nautilus,1476.8714773508018,1.0,True,-23.697954126970217,7451.88862744543
200004,0,7468.713993118409,0.0,H4,14.768567399906994,108.25933864382486,6.550558312641584,35.013679741691256,1850.0,4300.0,3300.0,-1850.0,nautilus,1476.8714773508018,2.0,False,-23.697954126970217,7492.411947245379
200004,0,7496.4410476599,0.0,H4,14.842118901621555,98.73627362209407,6.550558312641584,35.013679741691256,1850.0,4300.0,3300.0,-1850.0,nautilus,1476.8714773508018,3.0,False,-23.697954126970217,7520.13900178687
200011,1,14142.463936081767,12000.0,H1,15.47834680917734,133.63449491406638,6.849428722619205,35.02344806191131,1800.0,-4500.0,-2500.0,-1800.0,nautilus,1478.05006763546,1.0,True,0.0,14142.463936081767
200011,1,14180.142634452346,12000.0,H1,15.444785148364756,124.5804011264429,6.849428722619205,35.02344806191131,1800.0,-4500.0,-2500.0,-1800.0,nautilus,1478.05006763546,2.0,False,0.0,14180.142634452346
200011,1,14202.503961570088,12000.0,H1,15.548710419155167,116.18047061158518,6.849428722619205,35.02344806191131,1800.0,-4500.0,-2500.0,-1800.0,nautilus,1478.05006763546,3.0,False,0.0,14202.503961570088
200013,1,14360.67598250186,12000.0,H3,15.475006846461158,132.55016863791698,6.844158453572387,35.0192872768234,1900.0,-3600.0,3100.0,-1900.0,nautilus,1478.0242892966057,1.0,True,0.0,14360.67598250186
200013,1,14392.519889887064,12000.0,H3,15.476117924320882,125.72667695816898,6.844158453572387,35.0192872768234,1900.0,-3600.0,3100.0,-1900.0,nautilus,1478.0242892966057,2.0,False,0.0,14392.519889887064
200013,1,14420.005218337546,12000.0,H3,15.494136859847558,115.98659724456374,6.844158453572387,35.0192872768234,1900.0,-3600.0,3100.0,-1900.0,nautilus,1478.0242892966057,3.0,False,0.0,14420.005218337546
200015,1,15926.116249768656,12000.0,H5,15.59646571911284,128.86917735030045,6.787835917218215,34.99567306462479,2100.0,0.0,0.0,-2100.0,nautilus,1477.7751282353101,1.0,True,16.211553440378566,15909.904696328278
200015,1,15959.019142079198,12000.0,H5,15.638452092963098,119.22537999911486,6.787835917218215,34.99567306462479,2100.0,0.0,0.0,-2100.0,nautilus,1477.7751282353101,2.0,False,16.211553440378566,15942.80758863882
200015,1,15979.754229858228,12000.0,H5,15.6094306701297,112.91356323991374,6.787835917218215,34.99567306462479,2100.0,0.0,0.0,-2100.0,nautilus,1477.7751282353101,3.0,False,16.211553440378566,15963.54267641785
100000,-1,16441.82739272791,15000.0,H5,0.0,117.69631961163527,5.47,35.0,2100.0,0.0,0.0,-2100.0,sync_buoy,1472.5638140236701,3.0,False,16.211553440378566,16425.615839287533
100000,-1,18446.58520631243,15000.0,H2,0.0,116.81280547214986,5.225,35.0,1750.0,4200.0,-2300.0,-1750.0,sync_buoy,1471.5748328970315,5.0,False,0.0,18446.58520631243
100000,-1,18484.185184158192,15000.0,H3,0.0,117.20535763401296,5.33,35.0,1900.0,-3600.0,3100.0,-1900.0,sync_buoy,1471.99942213673,4.0,False,0.0,18484.185184158192
100000,-1,18717.455905595176,15000.0,H1,0.0,118.66724756083433,5.26,35.0,1800.0,-4500.0,-2500.0,-1800.0,sync_buoy,1471.71648615704,2.0,False,0.0,18717.455905595176
100000,-1,18867.9900611075,15000.0,H4,0.0,118.68940390057077,5.295,35.0,1850.0,4300.0,3300.0,-1850.0,sync_buoy,1471.8580158787388,1.0,True,-23.697954126970217,18891.688015234467
200012,1,18944.153997277004,12000.0,H2,15.336828523296354,115.95622079700205,6.938244206534033,35.02897761785905,1750.0,4200.0,-2300.0,-1750.0,nautilus,1478.401945531404,1.0,True,0.0,18944.153997277004
200012,1,18984.08333367412,12000.0,H2,15.309863655821989,107.81331758850529,6.938244206534033,35.02897761785905,1750.0,4200.0,-2300.0,-1750.0,nautilus,1478.401945531404,2.0,False,0.0,18984.08333367412
200012,1,19003.675931863447,12000.0,H2,15.276023385285944,101.29175265230204,6.938244206534033,35.02897761785905,1750.0,4200.0,-2300.0,-1750.0,nautilus,1478.401945531404,3.0,False,0.0,19003.675931863447
200014,1,19049.396208127386,12000.0,H4,15.555025851980217,113.79197559766293,6.868193397863495,35.04028417306221,1850.0,4300.0,3300.0,-1850.0,nautilus,1478.1443954188237,1.0,True,-23.697954126970217,19073.094162254354
200014,1,19091.298675329792,12000.0,H4,15.53224496944716,107.30694858032764,6.868193397863495,35.04028417306221,1850.0,4300.0,3300.0,-1850.0,nautilus,1478.1443954188237,2.0,False,-23.697954126970217,19114.996629456764
200014,1,19112.088850402542,12000.0,H4,15.5981120058299,98.28590767669368,6.868193397863495,35.04028417306221,1850.0,4300.0,3300.0,-1850.0,nautilus,1478.1443954188237,3.0,False,-23.697954126970217,19135.78680452951
200023,2,25983.430203302392,24000.0,H3,16.069875867890755,134.58021960974168,6.981881724340475,35.00496949719282,1900.0,-3600.0,3100.0,-1900.0,nautilus,1478.5406007264505,1.0,True,0.0,25983.430203302392
200023,2,26015.506343692898,24000.0,H3,15.907303947115928,126.05010425996936,6.981881724340475,35.00496949719282,1900.0,-3600.0,3100.0,-1900.0,nautilus,1478.5406007264505,2.0,False,0.0,26015.506343692898
200023,2,26051.82617067229,24000.0,H3,16.072231863197285,117.4076739023367,6.981881724340475,35.00496949719282,1900.0,-3600.0,3100.0,-1900.0,nautilus,1478.5406007264505,3.0,False,0.0,26051.82617067229
200021,2,26261.97941668342,24000.0,H1,16.024291953749415,133.31676368631932,6.768436591999803,35.00206585151608,1800.0,-4500.0,-2500.0,-1800.0,nautilus,1477.7077127805455,1.0,True,0.0,26261.97941668342
200021,2,26300.936743470327,24000.0,H1,16.021222022328306,125.72329222295214,6.768436591999803,35.00206585151608,1800.0,-4500.0,-2500.0,-1800.0,nautilus,1477.7077127805455,2.0,False,0.0,26300.936743470327
200021,2,26319.59612923675,24000.0,H1,15.991389014157582,116.31772065909917,6.768436591999803,35.00206585151608,1800.0,-4500.0,-2500.0,-1800.0,nautilus,1477.7077127805455,3.0,False,0.0,26319.59612923675
200025,2,27630.743946417268,24000.0,H5,16.092544539435497,126.73468200880043,6.783544500530041,35.03983838141082,2100.0,0.0,0.0,-2100.0,nautilus,1477.8146043953761,1.0,True,16.211553440378566,27614.53239297689
200025,2,27671.5714374542,24000.0,H5,16.111478342919007,116.12112254545518,6.783544500530041,35.03983838141082,2100.0,0.0,0.0,-2100.0,nautilus,1477.8146043953761,2.0,False,16.211553440378566,27655.359884013822
200025,2,27701.00691087907,24000.0,H5,16.089477335443835,110.81789936227496,6.783544500530041,35.03983838141082,2100.0,0.0,0.0,-2100.0,nautilus,1477.8146043953761,3.0,False,16.211553440378566,27684.795357438692
200024,2,30681.889073727132,24000.0,H4,16.105743332210675,115.81263802928798,6.893356083906537,35.00432971275693,1850.0,4300.0,3300.0,-1850.0,nautilus,1478.1964243223142,1.0,True,-23.697954126970217,30705.587027854104
200022,2,30707.23078830146,24000.0,H2,16.030495233032003,115.81810133957715,6.918001447687194,35.01219406704205,1750.0,4200.0,-2300.0,-1750.0,nautilus,1478.3020873913426,1.0,True,0.0,30707.23078830146
200024,2,30714.833801444147,24000.0,H4,16.1165285672119,106.76976967169796,6.893356083906537,35.00432971275693,1850.0,4300.0,3300.0,-1850.0,nautilus,1478.1964243223142,2.0,False,-23.697954126970217,30738.531755571115
200024,2,30740.67126829441,24000.0,H4,16.07153097831105,100.90648370518846,6.893356083906537,35.00432971275693,1850.0,4300.0,3300.0,-1850.0,nautilus,1478.1964243223142,3.0,False,-23.697954126970217,30764.36922242138
200022,2,30742.7412858077,24000.0,H2,16.026020834937583,107.80407160944615,6.918001447687194,35.01219406704205,1750.0,4200.0,-2300.0,-1750.0,nautilus,1478.3020873913426,2.0,False,0.0,30742.7412858077
200022,2,30770.842189784737,24000.0,H2,16.00748554239577,100.56129860302111,6.918001447687194,35.01219406704205,1750.0,4200.0,-2300.0,-1750.0,nautilus,1478.3020873913426,3.0,False,0.0,30770.842189784737
200033,3,37658.90499040573,36000.0,H3,16.461201624246524,136.0024848477732,6.875600023941646,35.07814056240839,1900.0,-3600.0,3100.0,-1900.0,nautilus,1478.2212931839617,1.0,True,0.0,37658.90499040573
200033,3,37700.11718024678,36000.0,H3,16.46668134264643,126.4094739690276,6.875600023941646,35.07814056240839,1900.0,-3600.0,3100.0,-1900.0,nautilus,1478.2212931839617,2.0,False,0.0,37700.11718024678
200033,3,37722.70817604243,36000.0,H3,16.41848184833882,120.8870698803358,6.875600023941646,35.07814056240839,1900.0,-3600.0,3100.0,-1900.0,nautilus,1478.2212931839617,3.0,False,0.0,37722.70817604243
200031,3,38387.797321499944,36000.0,H1,16.53566519611198,131.60361622486664,6.975996485916224,35.06735594292681,1800.0,-4500.0,-2500.0,-1800.0,nautilus,1478.5970433021428,1.0,True,0.0,38387.797321499944
200031,3,38420.378506857174,36000.0,H1,16.516193680868213,121.7868612135276,6.975996485916224,35.06735594292681,1800.0,-4500.0,-2500.0,-1800.0,nautilus,1478.5970433021428,2.0,False,0.0,38420.378506857174
200031,3,38451.70898167172,36000.0,H1,16.583881814521703,116.52046426937837,6.975996485916224,35.06735594292681,1800.0,-4500.0,-2500.0,-1800.0,nautilus,1478.5970433021428,3.0,False,0.0,38451.70898167172
200035,3,39346.670344532715,36000.0,H5,16.461371415234446,130.16444517433808,6.983322330286741,35.042558340531095,2100.0,0.0,0.0,-2100.0,nautilus,1478.5939261407511,1.0,True,16.211553440378566,39330.45879109234
200035,3,39381.20124724975,36000.0,H5,16.489040985376988,124.11669611802486,6.983322330286741,35.042558340531095,2100.0,0.0,0.0,-2100.0,nautilus,1478.5939261407511,2.0,False,16.211553440378566,39364.98969380937
200035,3,39420.74302977008,36000.0,H5,16.431721125387366,112.81121410955514,6.983322330286741,35.042558340531095,2100.0,0.0,0.0,-2100.0,nautilus,1478.5939261407511,3.0,False,16.211553440378566,39404.5314763297
200034,3,42329.12836057848,36000.0,H4,16.671880893400704,117.36835977389784,6.8558612476367085,35.04863587667652,1850.0,4300.0,3300.0,-1850.0,nautilus,1478.107094588341,1.0,True,-23.697954126970217,42352.826314705446
200034,3,42363.1101254194,36000.0,H4,16.694926864186375,111.38387582737326,6.8558612476367085,35.04863587667652,1850.0,4300.0,3300.0,-1850.0,nautilus,1478.107094588341,2.0,False,-23.697954126970217,42386.80807954637
200034,3,42397.22718576016,36000.0,H4,16.661737083597473,100.32342775032876,6.8558612476367085,35.04863587667652,1850.0,4300.0,3300.0,-1850.0,nautilus,1478.107094588341,3.0,False,-23.697954126970217,42420.92513988713
200032,3,42466.32738374933,36000.0,H2,16.56716501231715,119.0406824213572,6.860788421317854,35.05659539320453,1750.0,4200.0,-2300.0,-1750.0,nautilus,1478.1363613492365,1.0,True,0.0,42466.32738374933
200032,3,42506.772350312574,36000.0,H2,16.564242006029207,110.4612903709138,6.860788421317854,35.05659539320453,1750.0,4200.0,-2300.0,-1750.0,nautilus,1478.1363613492365,2.0,False,0.0,42506.772350312574
200032,3,42533.87163637132,36000.0,H2,16.647300262875774,103.54736972558428,6.860788421317854,35.05659539320453,1750.0,4200.0,-2300.0,-1750.0,nautilus,1478.1363613492365,3.0,False,0.0,42533.87163637132
200043,4,49421.3166194317,48000.0,H3,16.844135808759702,136.21808571243736,7.249081943086549,35.071401178870374,1900.0,-3600.0,3100.0,-1900.0,nautilus,1479.6565438713494,1.0,True,0.0,49421.3166194317
200043,4,49456.395641472234,48000.0,H3,16.835296149084023,127.06656655290988,7.249081943086549,35.071401178870374,1900.0,-3600.0,3100.0,-1900.0,nautilus,1479.6565438713494,2.0,False,0.0,49456.395641472234
200043,4,49487.31649664927,48000.0,H3,16.78659013269416,121.33019298416666,7.249081943086549,35.071401178870374,1900.0,-3600.0,3100.0,-1900.0,nautilus,1479.6565438713494,3.0,False,0.0,49487.31649664927
200041,4,50490.94989396941,48000.0,H1,16.869956179581354,132.90348814025745,6.99309620117891,35.04995506143463,1800.0,-4500.0,-2500.0,-1800.0,nautilus,1478.6411781871252,1.0,True,0.0,50490.94989396941
200041,4,50522.64239555772,48000.0,H1,16.88067887685351,125.2002275183029,6.99309620117891,35.04995506143463,1800.0,-4500.0,-2500.0,-1800.0,nautilus,1478.6411781871252,2.0,False,0.0,50522.64239555772
200041,4,50556.685096857545,48000.0,H1,16.867947482501208,117.11008051747348,6.99309620117891,35.04995506143463,1800.0,-4500.0,-2500.0,-1800.0,nautilus,1478.6411781871252,3.0,False,0.0,50556.685096857545
200045,4,51062.08361885799,48000.0,H5,16.80721533654649,128.13427450440665,7.099831083425593,35.05952108010326,2100.0,0.0,0.0,-2100.0,nautilus,1479.0661240392776,1.0,True,16.211553440378566,51045.872065417614
200045,4,51099.86890675257,48000.0,H5,16.76067714774696,120.93974556490129,7.099831083425593,35.05952108010326,2100.0,0.0,0.0,-2100.0,nautilus,1479.0661240392776,2.0,False,16.211553440378566,51083.65735331219
200045,4,51131.51469361508,48000.0,H5,16.71226227459616,113.48198680826906,7.099831083425593,35.05952108010326,2100.0,0.0,0.0,-2100.0,nautilus,1479.0661240392776,3.0,False,16.211553440378566,51115.3031401747
200044,4,53993.18597131283,48000.0,H4,16.755264511420602,121.35092815510068,7.109625145557794,35.06442117900689,1850.0,4300.0,3300.0,-1850.0,nautilus,1479.1101645006627,1.0,True,-23.697954126970217,54016.8839254398
200044,4,54023.20315526071,48000.0,H4,16.683071326625846,114.14524294597672,7.109625145557794,35.06442117900689,1850.0,4300.0,3300.0,-1850.0,nautilus,1479.1101645006627,2.0,False,-23.697954126970217,54046.901109387676
200044,4,54063.33188384022,48000.0,H4,16.766085753976984,106.3526385435548,7.109625145557794,35.06442117900689,1850.0,4300.0,3300.0,-1850.0,nautilus,1479.1101645006627,3.0,False,-23.697954126970217,54087.02983796719
200042,4,54208.28755679251,48000.0,H2,16.942858610935524,118.8552895251115,7.115821283274013,35.06817878003945,1750.0,4200.0,-2300.0,-1750.0,nautilus,1479.1388554053262,1.0,True,0.0,54208.28755679251
200042,4,54237.31122702116,48000.0,H2,16.872406906627717,111.70992877758027,7.115821283274013,35.06817878003945,1750.0,4200.0,-2300.0,-1750.0,nautilus,1479.1388554053262,2.0,False,0.0,54237.31122702116
200042,4,54281.64850581949,48000.0,H2,16.935361661018078,101.1452784189593,7.115821283274013,35.06817878003945,1750.0,4200.0,-2300.0,-1750.0,nautilus,1479.1388554053262,3.0,False,0.0,54281.64850581949
200053,5,61312.84389242723,60000.0,H3,16.79344937062266,138.49693374308322,6.991096148949142,35.07109864054239,1900.0,-3600.0,3100.0,-1900.0,nautilus,1478.6602864055915,1.0,True,0.0,61312.84389242723
200053,5,61357.446538972144,60000.0,H3,16.75445740241534,130.88343573670906,6.991096148949142,35.07109864054239,1900.0,-3600.0,3100.0,-1900.0,nautilus,1478.6602864055915,2.0,False,0.0,61357.446538972144
200053,5,61379.25727167462,60000.0,H3,16.755748280166344,123.08460878566098,6.991096148949142,35.07109864054239,1900.0,-3600.0,3100.0,-1900.0,nautilus,1478.6602864055915,3.0,False,0.0,61379.25727167462
200051,5,62551.41831883656,60000.0,H1,16.76247264801954,133.51422286370706,7.019436146826659,35.06811240759006,1800.0,-4500.0,-2500.0,-1800.0,nautilus,1478.7662100501989,1.0,True,0.0,62551.41831883656
200051,5,62591.94228765151,60000.0,H1,16.730108025450175,125.67806405604016,7.019436146826659,35.06811240759006,1800.0,-4500.0,-2500.0,-1800.0,nautilus,1478.7662100501989,2.0,False,0.0,62591.94228765151
200051,5,62605.029359929744,60000.0,H1,16.7433292905812,118.49797777210708,7.019436146826659,35.06811240759006,1800.0,-4500.0,-2500.0,-1800.0,nautilus,1478.7662100501989,3.0,False,0.0,62605.029359929744
200055,5,62767.80446000922,60000.0,H5,16.671212962648596,131.74206525226705,6.956049797702171,35.07577605146402,2100.0,0.0,0.0,-2100.0,nautilus,1478.530441516995,1.0,True,16.211553440378566,62751.59290656884
200055,5,62803.80109297748,60000.0,H5,16.635137225825584,124.32537065094937,6.956049797702171,35.07577605146402,2100.0,0.0,0.0,-2100.0,nautilus,1478.530441516995,2.0,False,16.211553440378566,62787.589539537104
200055,5,62831.87168548878,60000.0,H5,16.69285196753763,114.770680080385,6.956049797702171,35.07577605146402,2100.0,0.0,0.0,-2100.0,nautilus,1478.530441516995,3.0,False,16.211553440378566,62815.660132048404
200054,5,65679.78111332581,60000.0,H4,16.789385397928186,120.68209248892433,6.95622734410913,35.0886001644213,1850.0,4300.0,3300.0,-1850.0,nautilus,1478.5474219529744,1.0,True,-23.697954126970217,65703.47906745278
200054,5,65714.46253440047,60000.0,H4,16.787418905264822,110.96021375869428,6.95622734410913,35.0886001644213,1850.0,4300.0,3300.0,-1850.0,nautilus,1478.5474219529744,2.0,False,-23.697954126970217,65738.16048852744
200054,5,65743.3004366978,60000.0,H4,16.735311249196155,102.87573296784072,6.95622734410913,35.0886001644213,1850.0,4300.0,3300.0,-1850.0,nautilus,1478.5474219529744,3.0,False,-23.697954126970217,65766.99839082477
200052,5,65928.68812669328,60000.0,H2,16.820147743773422,118.14095183557562,6.959576570534504,35.080609603856566,1750.0,4200.0,-2300.0,-1750.0,nautilus,1478.5502518556937,1.0,True,0.0,65928.68812669328
200052,5,65962.96459093121,60000.0,H2,16.778783348733196,109.8363641330608,6.959576570534504,35.080609603856566,1750.0,4200.0,-2300.0,-1750.0,nautilus,1478.5502518556937,2.0,False,0.0,65962.96459093121
200052,5,65993.01914579226,60000.0,H2,16.75567141514127,102.09277535306826,6.959576570534504,35.080609603856566,1750.0,4200.0,-2300.0,-1750.0,nautilus,1478.5502518556937,3.0,False,0.0,65993.01914579226
200063,6,73365.23626513968,72000.0,H3,16.616088327496787,135.522122958058,7.281836612361514,35.14432732186516,1900.0,-3600.0,3100.0,-1900.0,nautilus,1479.8749293307803,1.0,True,0.0,73365.23626513968
200063,6,73397.97926888568,72000.0,H3,16.61188560960506,127.42833103008182,7.281836612361514,35.14432732186516,1900.0,-3600.0,3100.0,-1900.0,nautilus,1479.8749293307803,2.0,False,0.0,73397.97926888568
200063,6,73429.20436074884,72000.0,H3,16.612774633228504,119.48344957852288,7.281836612361514,35.14432732186516,1900.0,-3600.0,3100.0,-1900.0,nautilus,1479.8749293307803,3.0,False,0.0,73429.20436074884
200065,6,74445.02617770607,72000.0,H5,16.53145995227962,131.9173883634884,7.270069237539343,35.16640879593344,2100.0,0.0,0.0,-2100.0,nautilus,1479.8576763278086,1.0,True,16.211553440378566,74428.81462426568
200065,6,74485.78712999365,72000.0,H5,16.46431693142258,123.3009107379691,7.270069237539343,35.16640879593344,2100.0,0.0,0.0,-2100.0,nautilus,1479.8576763278086,2.0,False,16.211553440378566,74469.57557655327
200065,6,74508.79146455639,72000.0,H5,16.427696288384052,116.00889581134837,7.270069237539343,35.16640879593344,2100.0,0.0,0.0,-2100.0,nautilus,1479.8576763278086,3.0,False,16.211553440378566,74492.579911116
200061,6,74561.83043259542,72000.0,H1,16.69933825557852,130.73913983872302,7.288349341963088,35.166609436628214,1800.0,-4500.0,-2500.0,-1800.0,nautilus,1479.928194193466,1.0,True,0.0,74561.83043259542
200061,6,74599.89379486236,72000.0,H1,16.794749107538657,121.70021324776587,7.288349341963088,35.166609436628214,1800.0,-4500.0,-2500.0,-1800.0,nautilus,1479.928194193466,2.0,False,0.0,74599.89379486236
200061,6,74623.23305708209,72000.0,H1,16.648740272154303,113.40443082896448,7.288349341963088,35.166609436628214,1800.0,-4500.0,-2500.0,-1800.0,nautilus,1479.928194193466,3.0,False,0.0,74623.23305708209
200064,6,77387.34796206589,72000.0,H4,16.53948291047216,123.92186751865978,7.2526655884394975,35.160431126674005,1850.0,4300.0,3300.0,-1850.0,nautilus,1479.783174782638,1.0,True,-23.697954126970217,77411.04591619286
200064,6,77417.67707425289,72000.0,H4,16.487317688914544,116.5279742698148,7.2526655884394975,35.160431126674005,1850.0,4300.0,3300.0,-1850.0,nautilus,1479.783174782638,2.0,False,-23.697954126970217,77441.37502837986
200064,6,77449.26467762567,72000.0,H4,16.551983325815158,107.7389274826891,7.2526655884394975,35.160431126674005,1850.0,4300.0,3300.0,-1850.0,nautilus,1479.783174782638,3.0,False,-23.697954126970217,77472.96263175264
200062,6,77611.9970987059,72000.0,H2,16.473536789013558,122.29280868192843,7.2027352024165285,35.15463483620643,1750.0,4200.0,-2300.0,-1750.0,nautilus,1479.583653308749,1.0,True,0.0,77611.9970987059
200062,6,77648.54124169594,72000.0,H2,16.419749027641128,115.33317582846972,7.2027352024165285,35.15463483620643,1750.0,4200.0,-2300.0,-1750.0,nautilus,1479.583653308749,2.0,False,0.0,77648.54124169594
200062,6,77672.67272686357,72000.0,H2,16.459265997652764,104.78652958128887,7.2027352024165285,35.15463483620643,1750.0,4200.0,-2300.0,-1750.0,nautilus,1479.583653308749,3.0,False,0.0,77672.67272686357
200073,7,85559.26076548723,84000.0,H3,16.11265137521569,138.01852915724362,7.482024387648805,35.135578749142496,1900.0,-3600.0,3100.0,-1900.0,nautilus,1480.6313719555662,1.0,True,0.0,85559.26076548723
200073,7,85591.0525749103,84000.0,H3,16.038042786061713,128.72208857704857,7.482024387648805,35.135578749142496,1900.0,-3600.0,3100.0,-1900.0,nautilus,1480.6313719555662,2.0,False,0.0,85591.0525749103
200073,7,85627.37044187842,84000.0,H3,16.176280934109837,121.64768380306522,7.482024387648805,35.135578749142496,1900.0,-3600.0,3100.0,-1900.0,nautilus,1480.6313719555662,3.0,False,0.0,85627.37044187842
200075,7,86104.21238000462,84000.0,H5,16.17961679337276,135.3674184752248,7.638400308478345,35.110539801746,2100.0,0.0,0.0,-2100.0,nautilus,1481.1965799887414,1.0,True,16.211553440378566,86088.00082656424
200075,7,86141.54623475081,84000.0,H5,16.208650382417616,127.3122781424038,7.638400308478345,35.110539801746,2100.0,0.0,0.0,-2100.0,nautilus,1481.1965799887414,2.0,False,16.211553440378566,86125.33468131043
200075,7,86172.2734749463,84000.0,H5,16.09473257518069,119.00230445049938,7.638400308478345,35.110539801746,2100.0,0.0,0.0,-2100.0,nautilus,1481.1965799887414,3.0,False,16.211553440378566,86156.06192150591
200071,7,86545.95125509654,84000.0,H1,16.059995749516435,132.84329029409466,7.5767503831284895,35.097197063485716,1800.0,-4500.0,-2500.0,-1800.0,nautilus,1480.9446766876183,1.0,True,0.0,86545.95125509654
200071,7,86578.56383076146,84000.0,H1,15.999788945039192,125.0788802031058,7.5767503831284895,35.097197063485716,1800.0,-4500.0,-2500.0,-1800.0,nautilus,1480.9446766876183,2.0,False,0.0,86578.56383076146
200071,7,86607.15476491113,84000.0,H1,16.0529176079075,116.40408547100836,7.5767503831284895,35.097197063485716,1800.0,-4500.0,-2500.0,-1800.0,nautilus,1480.9446766876183,3.0,False,0.0,86607.15476491113
200074,7,89122.04265729712,84000.0,H4,16.22146351232663,123.35995868264496,7.598370402670951,35.111897432416725,1850.0,4300.0,3300.0,-1850.0,nautilus,1481.0457273959848,1.0,True,-23.697954126970217,89145.74061142409
200074,7,89159.95200381457,84000.0,H4,16.24125005041711,115.47019691381892,7.598370402670951,35.111897432416725,1850.0,4300.0,3300.0,-1850.0,nautilus,1481.0457273959848,2.0,False,-23.697954126970217,89183.64995794154
200074,7,89190.14455486716,84000.0,H4,16.18284511167497,107.30388216246148,7.598370402670951,35.111897432416725,1850.0,4300.0,3300.0,-1850.0,nautilus,1481.0457273959848,3.0,False,-23.697954126970217,89213.84250899413
200072,7,89261.54258864102,84000.0,H2,16.130777398365773,123.27250692252969,7.62608167323237,35.122395378708624,1750.0,4200.0,-2300.0,-1750.0,nautilus,1481.1646280183797,1.0,True,0.0,89261.54258864102
200072,7,89296.6822321261,84000.0,H2,16.16263031492659,115.70314616661278,7.62608167323237,35.122395378708624,1750.0,4200.0,-2300.0,-1750.0,nautilus,1481.1646280183797,2.0,False,0.0,89296.6822321261
200072,7,89335.76934704381,84000.0,H2,16.05506138610979,107.81039403741288,7.62608167323237,35.122395378708624,1750.0,4200.0,-2300.0,-1750.0,nautilus,1481.1646280183797,3.0,False,0.0,89335.76934704381
200085,8,97749.27428020188,96000.0,H5,15.551402247442931,135.6956580453894,7.200909780917961,35.13796204989401,2100.0,0.0,0.0,-2100.0,nautilus,1479.5554819813572,1.0,True,16.211553440378566,97733.06272676149
200085,8,97791.24216038913,96000.0,H5,15.554563398025962,127.9145127524576,7.200909780917961,35.13796204989401,2100.0,0.0,0.0,-2100.0,nautilus,1479.5554819813572,2.0,False,16.211553440378566,97775.03060694874
200085,8,97823.43571833396,96000.0,H5,15.5451805071307,118.71930890825205,7.200909780917961,35.13796204989401,2100.0,0.0,0.0,-2100.0,nautilus,1479.5554819813572,3.0,False,16.211553440378566,97807.22416489357
200083,8,97861.08574611852,96000.0,H3,15.400803043714468,135.10944045985747,7.236631115913258,35.14278220866976,1900.0,-3600.0,3100.0,-1900.0,nautilus,1479.699115458313,1.0,True,0.0,97861.08574611852
200083,8,97898.23464861394,96000.0,H3,15.355047162423906,127.44629293863392,7.236631115913258,35.14278220866976,1900.0,-3600.0,3100.0,-1900.0,nautilus,1479.699115458313,2.0,False,0.0,97898.23464861394
200083,8,97926.84087265332,96000.0,H3,15.324681654932084,120.14792043188096,7.236631115913258,35.14278220866976,1900.0,-3600.0,3100.0,-1900.0,nautilus,1479.699115458313,3.0,False,0.0,97926.84087265332
200081,8,98523.37427272268,96000.0,H1,15.297734420591771,131.8057910778399,7.224724141001253,35.164691597566794,1800.0,-4500.0,-2500.0,-1800.0,nautilus,1479.6810649674906,1.0,True,0.0,98523.37427272268
200081,8,98559.06993026233,96000.0,H1,15.335574424603672,121.0453732151857,7.224724141001253,35.164691597566794,1800.0,-4500.0,-2500.0,-1800.0,nautilus,1479.6810649674906,2.0,False,0.0,98559.06993026233
200081,8,98592.72324964678,96000.0,H1,15.324894427950843,116.48791970307408,7.224724141001253,35.164691597566794,1800.0,-4500.0,-2500.0,-1800.0,nautilus,1479.6810649674906,3.0,False,0.0,98592.72324964678
200084,8,100897.43860892089,96000.0,H4,15.44009996379308,124.5367572780648,7.333829095745602,35.141946311874925,1850.0,4300.0,3300.0,-1850.0,nautilus,1480.0716246961595,1.0,True,-23.697954126970217,100921.13656304785
200082,8,100899.64229380227,96000.0,H2,15.503140647888468,126.36379099905524,7.275672100061451,35.162484418763356,1750.0,4200.0,-2300.0,-1750.0,nautilus,1479.8742424872316,1.0,True,0.0,100899.64229380227
200084,8,100929.03904324562,96000.0,H4,15.450333124322963,115.83442513226774,7.333829095745602,35.141946311874925,1850.0,4300.0,3300.0,-1850.0,nautilus,1480.0716246961595,2.0,False,-23.697954126970217,100952.73699737259
200082,8,100935.0394382584,96000.0,H2,15.601012908633225,118.20452369332348,7.275672100061451,35.162484418763356,1750.0,4200.0,-2300.0,-1750.0,nautilus,1479.8742424872316,2.0,False,0.0,100935.0394382584
200084,8,100957.0085935613,96000.0,H4,15.453104350999531,107.6137860602017,7.333829095745602,35.141946311874925,1850.0,4300.0,3300.0,-1850.0,nautilus,1480.0716246961595,3.0,False,-23.697954126970217,100980.70654768827
200082,8,100965.6266759384,96000.0,H2,15.513064657577852,111.70699469306328,7.275672100061451,35.162484418763356,1750.0,4200.0,-2300.0,-1750.0,nautilus,1479.8742424872316,3.0,False,0.0,100965.6266759384
200095,9,109399.60688653604,108000.0,H5,14.867167930708474,138.70842740144562,7.36986978290512,35.17698355847275,2100.0,0.0,0.0,-2100.0,nautilus,1480.2542769349652,1.0,True,16.211553440378566,109383.39533309566
200095,9,109430.29388686296,108000.0,H5,14.842074198551224,130.78807537951158,7.36986978290512,35.17698355847275,2100.0,0.0,0.0,-2100.0,nautilus,1480.2542769349652,2.0,False,16.211553440378566,109414.08233342257
200095,9,109465.8220718152,108000.0,H5,14.884291705375553,121.19807074815974,7.36986978290512,35.17698355847275,2100.0,0.0,0.0,-2100.0,nautilus,1480.2542769349652,3.0,False,16.211553440378566,109449.61051837482
200093,9,110221.59925375169,108000.0,H3,14.942850883245391,133.65132888897546,7.192782922378294,35.16920342913954,1900.0,-3600.0,3100.0,-1900.0,nautilus,1479.5637934135514,1.0,True,0.0,110221.59925375169
200093,9,110257.67605803908,108000.0,H3,14.917439763281363,127.5755320213182,7.192782922378294,35.16920342913954,1900.0,-3600.0,3100.0,-1900.0,nautilus,1479.5637934135514,2.0,False,0.0,110257.67605803908
200093,9,110289.94759547822,108000.0,H3,14.97114827268903,118.3356187271227,7.192782922378294,35.16920342913954,1900.0,-3600.0,3100.0,-1900.0,nautilus,1479.5637934135514,3.0,False,0.0,110289.94759547822
200091,9,110524.34221541315,108000.0,H1,14.711924020249503,132.88388052601687,7.079783945200393,35.14779710573041,1800.0,-4500.0,-2500.0,-1800.0,nautilus,1479.1007169173727,1.0,True,0.0,110524.34221541315
200091,9,110558.74487713347,108000.0,H1,14.722551954466397,125.50302140511158,7.079783945200393,35.14779710573041,1800.0,-4500.0,-2500.0,-1800.0,nautilus,1479.1007169173727,2.0,False,0.0,110558.74487713347
200091,9,110581.82340111853,108000.0,H1,14.736859805273536,115.99382023389605,7.079783945200393,35.14779710573041,1800.0,-4500.0,-2500.0,-1800.0,nautilus,1479.1007169173727,3.0,False,0.0,110581.82340111853
200092,9,112511.40276100353,108000.0,H2,14.86879736698392,124.69811013931847,7.209315778274965,35.16174554626888,1750.0,4200.0,-2300.0,-1750.0,nautilus,1479.6180106082793,1.0,True,0.0,112511.40276100353
200092,9,112553.92077907512,108000.0,H2,14.789015558074658,115.66090429769304,7.209315778274965,35.16174554626888,1750.0,4200.0,-2300.0,-1750.0,nautilus,1479.6180106082793,2.0,False,0.0,112553.92077907512
200092,9,112578.2085268629,108000.0,H2,14.99541265862231,109.65378903185048,7.209315778274965,35.16174554626888,1750.0,4200.0,-2300.0,-1750.0,nautilus,1479.6180106082793,3.0,False,0.0,112578.2085268629
200094,9,112707.96447785312,108000.0,H4,14.76272730269694,121.45786930683784,7.2461948929865825,35.19018088425841,1850.0,4300.0,3300.0,-1850.0,nautilus,1479.795993034023,1.0,True,-23.697954126970217,112731.66243198009
200094,9,112741.78634644854,108000.0,H4,14.72565812007492,113.12767521411352,7.2461948929865825,35.19018088425841,1850.0,4300.0,3300.0,-1850.0,nautilus,1479.795993034023,2.0,False,-23.697954126970217,112765.48430057551
200094,9,112771.1540989849,108000.0,H4,14.74564858993418,103.1483483495719,7.2461948929865825,35.19018088425841,1850.0,4300.0,3300.0,-1850.0,nautilus,1479.795993034023,3.0,False,-23.697954126970217,112794.85205311187
200105,10,121086.87908873256,120000.0,H5,14.103523965024692,137.06525387653718,7.520942996496306,35.126220055030664,2100.0,0.0,0.0,-2100.0,nautilus,1480.7682991361041,1.0,True,16.211553440378566,121070.66753529217
200105,10,121121.30771412211,120000.0,H5,14.04263270710178,129.50062107155262,7.520942996496306,35.126220055030664,2100.0,0.0,0.0,-2100.0,nautilus,1480.7682991361041,2.0,False,16.211553440378566,121105.09616068173
200105,10,121157.41349391115,120000.0,H5,14.004655324190342,121.7621766796564,7.520942996496306,35.126220055030664,2100.0,0.0,0.0,-2100.0,nautilus,1480.7682991361041,3.0,False,16.211553440378566,121141.20194047077
200101,10,122573.5556111311,120000.0,H1,14.053473486240154,132.96596455767235,7.388147596102716,35.1194175896549,1800.0,-4500.0,-2500.0,-1800.0,nautilus,1480.251467096011,1.0,True,0.0,122573.5556111311
200103,10,122606.07051996054,120000.0,H3,14.0619912827513,133.44620884459414,7.467453107852802,35.135609902550975,1900.0,-3600.0,3100.0,-1900.0,nautilus,1480.5756757725705,1.0,True,0.0,122606.07051996054
200101,10,122606.15758890875,120000.0,H1,14.14575017177132,126.94645962055696,7.388147596102716,35.1194175896549,1800.0,-4500.0,-2500.0,-1800.0,nautilus,1480.251467096011,2.0,False,0.0,122606.15758890875
200101,10,122637.31444368575,120000.0,H1,14.088763566282733,116.28948443359236,7.388147596102716,35.1194175896549,1800.0,-4500.0,-2500.0,-1800.0,nautilus,1480.251467096011,3.0,False,0.0,122637.31444368575
200103,10,122639.5041446004,120000.0,H3,14.066128577506682,124.92615017933906,7.467453107852802,35.135609902550975,1900.0,-3600.0,3100.0,-1900.0,nautilus,1480.5756757725705,2.0,False,0.0,122639.5041446004
200103,10,122682.67946811338,120000.0,H3,13.964398262787476,116.77606714911036,7.467453107852802,35.135609902550975,1900.0,-3600.0,3100.0,-1900.0,nautilus,1480.5756757725705,3.0,False,0.0,122682.67946811338
200102,10,124121.0021337952,120000.0,H2,14.073053944594514,128.8465937658441,7.370692870030879,35.1320523879499,1750.0,4200.0,-2300.0,-1750.0,nautilus,1480.2005372454225,1.0,True,0.0,124121.0021337952
200102,10,124155.18402130526,120000.0,H2,14.05437075935749,123.12715023579392,7.370692870030879,35.1320523879499,1750.0,4200.0,-2300.0,-1750.0,nautilus,1480.2005372454225,2.0,False,0.0,124155.18402130526
200102,10,124192.25107958943,120000.0,H2,14.061120916355929,113.37896804494916,7.370692870030879,35.1320523879499,1750.0,4200.0,-2300.0,-1750.0,nautilus,1480.2005372454225,3.0,False,0.0,124192.25107958943
200104,10,124552.18992327948,120000.0,H4,14.12706602346432,124.27401898980968,7.505606581397119,35.09873249312279,1850.0,4300.0,3300.0,-1850.0,nautilus,1480.674922511434,1.0,True,-23.697954126970217,124575.88787740645
200104,10,124587.8814675589,120000.0,H4,14.154044450132949,115.35387940707405,7.505606581397119,35.09873249312279,1850.0,4300.0,3300.0,-1850.0,nautilus,1480.674922511434,2.0,False,-23.697954126970217,124611.57942168586
200104,10,124612.53709263788,120000.0,H4,14.10855509901819,106.7762481381678,7.505606581397119,35.09873249312279,1850.0,4300.0,3300.0,-1850.0,nautilus,1480.674922511434,3.0,False,-23.697954126970217,124636.23504676485
200115,11,132862.7748474715,132000.0,H5,13.480657078993,137.67018495509,7.396950728761066,35.12801610836418,2100.0,0.0,0.0,-2100.0,nautilus,1480.2960969933556,1.0,True,16.211553440378566,132846.56329403113
200115,11,132894.80230846355,132000.0,H5,13.604974591990786,130.43733358738962,7.396950728761066,35.12801610836418,2100.0,0.0,0.0,-2100.0,nautilus,1480.2960969933556,2.0,False,16.211553440378566,132878.59075502318
200115,11,132928.76150346603,132000.0,H5,13.476416127041665,121.99640837597563,7.396950728761066,35.12801610836418,2100.0,0.0,0.0,-2100.0,nautilus,1480.2960969933556,3.0,False,16.211553440378566,132912.54995002566
200111,11,134693.57468408553,132000.0,H1,13.471500399512864,131.91293732812352,7.35474334324912,35.13836320957068,1800.0,-4500.0,-2500.0,-1800.0,nautilus,1480.147348128116,1.0,True,0.0,134693.57468408553
200111,11,134731.4972005694,132000.0,H1,13.491993745396991,122.4562995855548,7.35474334324912,35.13836320957068,1800.0,-4500.0,-2500.0,-1800.0,nautilus,1480.147348128116,2.0,False,0.0,134731.4972005694
200111,11,134760.92849471763,132000.0,H1,13.45853457503539,116.120484049284,7.35474334324912,35.13836320957068,1800.0,-4500.0,-2500.0,-1800.0,nautilus,1480.147348128116,3.0,False,0.0,134760.92849471763
200113,11,134997.12326456187,132000.0,H3,13.382431220526415,132.4239762199393,7.267050342910282,35.12080612067437,1900.0,-3600.0,3100.0,-1900.0,nautilus,1479.7882757926245,1.0,True,0.0,134997.12326456187
200113,11,135025.9657119781,132000.0,H3,13.380951156364542,123.44529768045956,7.267050342910282,35.12080612067437,1900.0,-3600.0,3100.0,-1900.0,nautilus,1479.7882757926245,2.0,False,0.0,135025.9657119781
200113,11,135064.85994693835,132000.0,H3,13.358650076120323,114.32353597960194,7.267050342910282,35.12080612067437,1900.0,-3600.0,3100.0,-1900.0,nautilus,1479.7882757926245,3.0,False,0.0,135064.85994693835
200112,11,135741.97695432944,132000.0,H2,13.471393769069389,126.05774683390815,7.207305561265196,35.10342509535879,1750.0,4200.0,-2300.0,-1750.0,nautilus,1479.5363238480995,1.0,True,0.0,135741.97695432944
200112,11,135777.6944232243,132000.0,H2,13.475999460465584,117.4165710666686,7.207305561265196,35.10342509535879,1750.0,4200.0,-2300.0,-1750.0,nautilus,1479.5363238480995,2.0,False,0.0,135777.6944232243
200112,11,135810.35568143026,132000.0,H2,13.435166678149942,110.01924660880324,7.207305561265196,35.10342509535879,1750.0,4200.0,-2300.0,-1750.0,nautilus,1479.5363238480995,3.0,False,0.0,135810.35568143026
200114,11,136425.22091910936,132000.0,H4,13.474901126844223,123.3683610818362,7.289350165640962,35.10212346073357,1850.0,4300.0,3300.0,-1850.0,nautilus,1479.8503295407822,1.0,True,-23.697954126970217,136448.91887323634
200114,11,136465.7410685519,132000.0,H4,13.470963733767832,114.480991206738,7.289350165640962,35.10212346073357,1850.0,4300.0,3300.0,-1850.0,nautilus,1479.8503295407822,2.0,False,-23.697954126970217,136489.43902267888
200114,11,136489.8913892072,132000.0,H4,13.445954677783728,106.19911267936216,7.289350165640962,35.10212346073357,1850.0,4300.0,3300.0,-1850.0,nautilus,1479.8503295407822,3.0,False,-23.697954126970217,136513.58934333417
200125,12,144769.124721782,144000.0,H5,13.078130592679384,138.42253070666032,7.225490153197262,35.13618130255744,2100.0,0.0,0.0,-2100.0,nautilus,1479.6478695671856,1.0,True,16.211553440378566,144752.91316834162
200125,12,144807.90363538705,144000.0,H5,13.04280388941146,130.23398083716435,7.225490153197262,35.13618130255744,2100.0,0.0,0.0,-2100.0,nautilus,1479.6478695671856,2.0,False,16.211553440378566,144791.69208194668
200125,12,144838.3565750296,144000.0,H5,13.00877494746616,123.61436069927431,7.225490153197262,35.13618130255744,2100.0,0.0,0.0,-2100.0,nautilus,1479.6478695671856,3.0,False,16.211553440378566,144822.14502158924
200121,12,146879.7246723908,144000.0,H1,12.866823179209158,133.20703030643102,7.147186029252414,35.133525444008434,1800.0,-4500.0,-2500.0,-1800.0,nautilus,1479.342789167351,1.0,True,0.0,146879.7246723908
200121,12,146919.21381425342,144000.0,H1,12.907469027790958,124.10591661250622,7.147186029252414,35.133525444008434,1800.0,-4500.0,-2500.0,-1800.0,nautilus,1479.342789167351,2.0,False,0.0,146919.21381425342
200121,12,146941.38049744384,144000.0,H1,12.971634170791972,117.9799395966812,7.147186029252414,35.133525444008434,1800.0,-4500.0,-2500.0,-1800.0,nautilus,1479.342789167351,3.0,False,0.0,146941.38049744384
200123,12,147357.91842136075,144000.0,H3,12.928767242654184,129.58600794970957,7.150270034400532,35.1465133361543,1900.0,-3600.0,3100.0,-1900.0,nautilus,1479.37115855786,1.0,True,0.0,147357.91842136075
200122,12,147375.27545106842,144000.0,H2,13.149100085099596,129.8307446490421,7.09538285563125,35.130995687706076,1750.0,4200.0,-2300.0,-1750.0,nautilus,1479.139647358061,1.0,True,0.0,147375.27545106842
200123,12,147388.7281636368,144000.0,H3,12.985498767695873,123.89882933158944,7.150270034400532,35.1465133361543,1900.0,-3600.0,3100.0,-1900.0,nautilus,1479.37115855786,2.0,False,0.0,147388.7281636368
200122,12,147412.1398901707,144000.0,H2,13.164466154835958,121.55282316769096,7.09538285563125,35.130995687706076,1750.0,4200.0,-2300.0,-1750.0,nautilus,1479.139647358061,2.0,False,0.0,147412.1398901707
200123,12,147419.0354322946,144000.0,H3,12.917808208765528,114.3262070784502,7.150270034400532,35.1465133361543,1900.0,-3600.0,3100.0,-1900.0,nautilus,1479.37115855786,3.0,False,0.0,147419.0354322946
200122,12,147447.5909923577,144000.0,H2,13.142495508080902,112.68915097118654,7.09538285563125,35.130995687706076,1750.0,4200.0,-2300.0,-1750.0,nautilus,1479.139647358061,3.0,False,0.0,147447.5909923577
200124,12,148311.25760205704,144000.0,H4,13.129949270852544,126.14768891760885,7.064023008207787,35.15432362681448,1850.0,4300.0,3300.0,-1850.0,nautilus,1479.0480992223775,1.0,True,-23.697954126970217,148334.95555618402
200124,12,148348.49780884272,144000.0,H4,13.096315671126234,118.42482929436022,7.064023008207787,35.15432362681448,1850.0,4300.0,3300.0,-1850.0,nautilus,1479.0480992223775,2.0,False,-23.697954126970217,148372.1957629697
200124,12,148383.49260520178,144000.0,H4,13.131737454558104,110.63572719416544,7.064023008207787,35.15432362681448,1850.0,4300.0,3300.0,-1850.0,nautilus,1479.0480992223775,3.0,False,-23.697954126970217,148407.19055932877
100001,-2,151442.29576113384,150000.0,H5,0.0,117.87922955491356,5.47,35.0,2100.0,0.0,0.0,-2100.0,sync_buoy,1472.5638140236701,1.0,True,16.211553440378566,151426.08420769346
100001,-2,153446.1612643078,150000.0,H2,0.0,117.8038040271955,5.225,35.0,1750.0,4200.0,-2300.0,-1750.0,sync_buoy,1471.5748328970315,2.0,False,0.0,153446.1612643078
100001,-2,153485.36744288722,150000.0,H3,0.0,116.0075802158255,5.33,35.0,1900.0,-3600.0,3100.0,-1900.0,sync_buoy,1471.99942213673,5.0,False,0.0,153485.36744288722
100001,-2,153718.35892954224,150000.0,H1,0.0,117.32433774899437,5.26,35.0,1800.0,-4500.0,-2500.0,-1800.0,sync_buoy,1471.71648615704,4.0,False,0.0,153718.35892954224
100001,-2,153867.039524069,150000.0,H4,0.0,117.63142410590004,5.295,35.0,1850.0,4300.0,3300.0,-1850.0,sync_buoy,1471.8580158787388,3.0,False,-23.697954126970217,153890.73747819598
200135,13,156815.48846989952,156000.0,H5,12.751467156807266,139.79524156139254,6.94397024198217,35.117179339198195,2100.0,0.0,0.0,-2100.0,nautilus,1478.5362172984642,1.0,True,16.211553440378566,156799.27691645914
200135,13,156849.4478575146,156000.0,H5,12.734395434084336,131.55147993943658,6.94397024198217,35.117179339198195,2100.0,0.0,0.0,-2100.0,nautilus,1478.5362172984642,2.0,False,16.211553440378566,156833.23630407423
200135,13,156883.9889066345,156000.0,H5,12.755605613156858,122.8948333517874,6.94397024198217,35.117179339198195,2100.0,0.0,0.0,-2100.0,nautilus,1478.5362172984642,3.0,False,16.211553440378566,156867.77735319413
200132,13,159030.80149912386,156000.0,H2,12.723433550920072,130.6828807075307,6.865504583855735,35.11741718943467,1750.0,4200.0,-2300.0,-1750.0,nautilus,1478.232011328539,1.0,True,0.0,159030.80149912386
200132,13,159068.40710360388,156000.0,H2,12.734124907678922,123.56797507411898,6.865504583855735,35.11741718943467,1750.0,4200.0,-2300.0,-1750.0,nautilus,1478.232011328539,2.0,False,0.0,159068.40710360388
200132,13,159101.46011364023,156000.0,H2,12.75287566390205,116.95376702091312,6.865504583855735,35.11741718943467,1750.0,4200.0,-2300.0,-1750.0,nautilus,1478.232011328539,3.0,False,0.0,159101.46011364023
200131,13,159122.5094047651,156000.0,H1,12.863610332641771,129.54127080487785,6.852390617722662,35.0908154324078,1800.0,-4500.0,-2500.0,-1800.0,nautilus,1478.1472365194832,1.0,True,0.0,159122.5094047651
200131,13,159159.91942666905,156000.0,H1,12.84225539854572,121.94759156397512,6.852390617722662,35.0908154324078,1800.0,-4500.0,-2500.0,-1800.0,nautilus,1478.1472365194832,2.0,False,0.0,159159.91942666905
200131,13,159190.18202150057,156000.0,H1,12.831379007955954,113.89630688004428,6.852390617722662,35.0908154324078,1800.0,-4500.0,-2500.0,-1800.0,nautilus,1478.1472365194832,3.0,False,0.0,159190.18202150057
200133,13,159681.5606047387,156000.0,H3,12.7373538679079,127.19358557971192,7.00860448637606,35.150828922123345,1900.0,-3600.0,3100.0,-1900.0,nautilus,1478.829328124143,1.0,True,0.0,159681.5606047387
200133,13,159719.812293179,156000.0,H3,12.776847228402122,119.9301497958712,7.00860448637606,35.150828922123345,1900.0,-3600.0,3100.0,-1900.0,nautilus,1478.829328124143,2.0,False,0.0,159719.812293179
200133,13,159752.35097933063,156000.0,H3,12.760109909136071,111.84660701549824,7.00860448637606,35.150828922123345,1900.0,-3600.0,3100.0,-1900.0,nautilus,1478.829328124143,3.0,False,0.0,159752.35097933063
200134,13,160189.6354853911,156000.0,H4,12.582045605821662,126.31614911562068,6.910845306871957,35.09613906744978,1850.0,4300.0,3300.0,-1850.0,nautilus,1478.3810002193588,1.0,True,-23.697954126970217,160213.3334395181
200134,13,160228.6106669766,156000.0,H4,12.600740713658874,117.40481561777491,6.910845306871957,35.09613906744978,1850.0,4300.0,3300.0,-1850.0,nautilus,1478.3810002193588,2.0,False,-23.697954126970217,160252.30862110358
200134,13,160258.098359075,156000.0,H4,12.503680888024007,110.28944136082258,6.910845306871957,35.09613906744978,1850.0,4300.0,3300.0,-1850.0,nautilus,1478.3810002193588,3.0,False,-23.697954126970217,160281.79631320198
200145,14,168924.60250761322,168000.0,H5,12.772360691303046,138.2368942945922,7.119490097990283,35.08256709662498,2100.0,0.0,0.0,-2100.0,nautilus,1479.1712746548653,1.0,True,16.211553440378566,168908.39095417285
200145,14,168962.17883953964,168000.0,H5,12.822581497689743,129.41540728542302,7.119490097990283,35.08256709662498,2100.0,0.0,0.0,-2100.0,nautilus,1479.1712746548653,2.0,False,16.211553440378566,168945.96728609927
200145,14,168987.2862000036,168000.0,H5,12.81659816297879,123.10154686506732,7.119490097990283,35.08256709662498,2100.0,0.0,0.0,-2100.0,nautilus,1479.1712746548653,3.0,False,16.211553440378566,168971.07464656324
200142,14,170706.92429091493,168000.0,H2,12.766801280908576,132.58319503078158,6.901356754426462,35.02349693954562,1750.0,4200.0,-2300.0,-1750.0,nautilus,1478.2518493026448,1.0,True,0.0,170706.92429091493
200142,14,170740.8885176801,168000.0,H2,12.730498391537193,123.86777830460944,6.901356754426462,35.02349693954562,1750.0,4200.0,-2300.0,-1750.0,nautilus,1478.2518493026448,2.0,False,0.0,170740.8885176801
200142,14,170779.3171235577,168000.0,H2,12.78043489822337,115.15118885304562,6.901356754426462,35.02349693954562,1750.0,4200.0,-2300.0,-1750.0,nautilus,1478.2518493026448,3.0,False,0.0,170779.3171235577
200141,14,171403.37428625493,168000.0,H1,12.799839866110093,131.00582685353316,6.858215344998511,35.066842545716625,1800.0,-4500.0,-2500.0,-1800.0,nautilus,1478.1393912381818,1.0,True,0.0,171403.37428625493
200141,14,171442.38748098223,168000.0,H1,12.818391864172188,124.78275577651056,6.858215344998511,35.066842545716625,1800.0,-4500.0,-2500.0,-1800.0,nautilus,1478.1393912381818,2.0,False,0.0,171442.38748098223
200141,14,171469.5684310547,168000.0,H1,12.76672612575729,114.62364003787528,6.858215344998511,35.066842545716625,1800.0,-4500.0,-2500.0,-1800.0,nautilus,1478.1393912381818,3.0,False,0.0,171469.5684310547
200143,14,171949.511405328,168000.0,H3,12.599506187631963,124.80837119323242,6.8469051819852815,35.0914841272709,1900.0,-3600.0,3100.0,-1900.0,nautilus,1478.1267679196944,1.0,True,0.0,171949.511405328
200143,14,171988.43130249498,168000.0,H3,12.61446219526059,116.48863738101974,6.8469051819852815,35.0914841272709,1900.0,-3600.0,3100.0,-1900.0,nautilus,1478.1267679196944,2.0,False,0.0,171988.43130249498
200143,14,172020.75009208376,168000.0,H3,12.627945067350344,110.5646113185486,6.8469051819852815,35.0914841272709,1900.0,-3600.0,3100.0,-1900.0,nautilus,1478.1267679196944,3.0,False,0.0,172020.75009208376
200144,14,172031.57761030295,168000.0,H4,12.68497497216928,127.30333136749611,6.970920323203012,35.05474502004954,1850.0,4300.0,3300.0,-1850.0,nautilus,1478.5613558996063,1.0,True,-23.697954126970217,172055.27556442993
200144,14,172073.87450304726,168000.0,H4,12.585829147012406,119.00673200734104,6.970920323203012,35.05474502004954,1850.0,4300.0,3300.0,-1850.0,nautilus,1478.5613558996063,2.0,False,-23.697954126970217,172097.57245717425
200144,14,172094.86975903544,168000.0,H4,12.667440362315029,110.51115829849066,6.970920323203012,35.05474502004954,1850.0,4300.0,3300.0,-1850.0,nautilus,1478.5613558996063,3.0,False,-23.697954126970217,172118.56771316243
200155,15,181062.31305454287,180000.0,H5,13.089261186479982,136.79062206938022,6.972942427056722,35.08737871280702,2100.0,0.0,0.0,-2100.0,nautilus,1478.6106448257615,1.0,True,16.211553440378566,181046.1015011025
200155,15,181099.79985132595,180000.0,H5,13.073870875684898,129.5497390782133,6.972942427056722,35.08737871280702,2100.0,0.0,0.0,-2100.0,nautilus,1478.6106448257615,2.0,False,16.211553440378566,181083.58829788558
200155,15,181126.2581821184,180000.0,H5,13.15629731579126,120.82470013206505,6.972942427056722,35.08737871280702,2100.0,0.0,0.0,-2100.0,nautilus,1478.6106448257615,3.0,False,16.211553440378566,181110.04662867804
200152,15,182407.49153215613,180000.0,H2,12.997140590475176,131.91110869269474,6.815554568190537,35.106698905897346,1750.0,4200.0,-2300.0,-1750.0,nautilus,1478.024219755513,1.0,True,0.0,182407.49153215613
200152,15,182441.3386566771,180000.0,H2,12.985786235908645,124.07723286583736,6.815554568190537,35.106698905897346,1750.0,4200.0,-2300.0,-1750.0,nautilus,1478.024219755513,2.0,False,0.0,182441.3386566771
200152,15,182480.17151252172,180000.0,H2,12.986459989743905,117.04799501146468,6.815554568190537,35.106698905897346,1750.0,4200.0,-2300.0,-1750.0,nautilus,1478.024219755513,3.0,False,0.0,182480.17151252172
200151,15,183710.1201785128,180000.0,H1,12.881936356401242,127.76528812815604,6.887749225999023,35.032673628865886,1800.0,-4500.0,-2500.0,-1800.0,nautilus,1478.210679782414,1.0,True,0.0,183710.1201785128
200151,15,183744.8225426032,180000.0,H1,12.975352600781308,120.93828383528891,6.887749225999023,35.032673628865886,1800.0,-4500.0,-2500.0,-1800.0,nautilus,1478.210679782414,2.0,False,0.0,183744.8225426032
200151,15,183775.6228591397,180000.0,H1,12.925398805725075,112.92314515567249,6.887749225999023,35.032673628865886,1800.0,-4500.0,-2500.0,-1800.0,nautilus,1478.210679782414,3.0,False,0.0,183775.6228591397
200154,15,183832.36935702027,180000.0,H4,13.06862783259705,128.20986653575224,6.961353247584835,35.07312307024413,1850.0,4300.0,3300.0,-1850.0,nautilus,1478.5476269187764,1.0,True,-23.697954126970217,183856.06731114726
200154,15,183869.0596484984,180000.0,H4,13.105873250524953,119.8117128830608,6.961353247584835,35.07312307024413,1850.0,4300.0,3300.0,-1850.0,nautilus,1478.5476269187764,2.0,False,-23.697954126970217,183892.75760262538
200154,15,183887.42392919215,180000.0,H4,13.008519798255596,112.16027666137194,6.961353247584835,35.07312307024413,1850.0,4300.0,3300.0,-1850.0,nautilus,1478.5476269187764,3.0,False,-23.697954126970217,183911.12188331914
200153,15,184170.2801659283,180000.0,H3,12.948749189325028,123.40996593024336,6.954269510963311,35.08169940367024,1900.0,-3600.0,3100.0,-1900.0,nautilus,1478.531066028317,1.0,True,0.0,184170.2801659283
200153,15,184206.67671068344,180000.0,H3,12.966202002757576,114.72971749364088,6.954269510963311,35.08169940367024,1900.0,-3600.0,3100.0,-1900.0,nautilus,1478.531066028317,2.0,False,0.0,184206.67671068344
200153,15,184240.19189632375,180000.0,H3,13.064208071749782,105.947503451283,6.954269510963311,35.08169940367024,1900.0,-3600.0,3100.0,-1900.0,nautilus,1478.531066028317,3.0,False,0.0,184240.19189632375
200165,16,193214.48691861887,192000.0,H5,13.435189924721206,139.99325606324396,6.4233354376836465,35.08458073924456,2100.0,0.0,0.0,-2100.0,nautilus,1476.4628465600476,1.0,True,16.211553440378566,193198.2753651785
200165,16,193258.46761624696,192000.0,H5,13.43108405447461,130.11554394209185,6.4233354376836465,35.08458073924456,2100.0,0.0,0.0,-2100.0,nautilus,1476.4628465600476,2.0,False,16.211553440378566,193242.25606280658
200165,16,193278.68928849068,192000.0,H5,13.392434290206628,123.44552018843042,6.4233354376836465,35.08458073924456,2100.0,0.0,0.0,-2100.0,nautilus,1476.4628465600476,3.0,False,16.211553440378566,193262.4777350503
200162,16,194149.9864876889,192000.0,H2,13.604504811777264,131.98818248462968,6.431280492034853,35.092150098003785,1750.0,4200.0,-2300.0,-1750.0,nautilus,1476.5037115847936,1.0,True,0.0,194149.9864876889
200162,16,194188.20801606812,192000.0,H2,13.611475574515792,124.3428706606145,6.431280492034853,35.092150098003785,1750.0,4200.0,-2300.0,-1750.0,nautilus,1476.5037115847936,2.0,False,0.0,194188.20801606812
200162,16,194222.7228815364,192000.0,H2,13.573869886951757,114.92946301191223,6.431280492034853,35.092150098003785,1750.0,4200.0,-2300.0,-1750.0,nautilus,1476.5037115847936,3.0,False,0.0,194222.7228815364
200164,16,195578.15703116992,192000.0,H4,13.3881177691877,127.46511182624695,6.4487148461022334,35.092980664987564,1850.0,4300.0,3300.0,-1850.0,nautilus,1476.5732315214902,1.0,True,-23.697954126970217,195601.8549852969
200164,16,195621.3261661503,192000.0,H4,13.413301715768146,118.87171747340844,6.4487148461022334,35.092980664987564,1850.0,4300.0,3300.0,-1850.0,nautilus,1476.5732315214902,2.0,False,-23.697954126970217,195645.0241202773
200164,16,195643.65783049024,192000.0,H4,13.29719603252069,110.31372602400904,6.4487148461022334,35.092980664987564,1850.0,4300.0,3300.0,-1850.0,nautilus,1476.5732315214902,3.0,False,-23.697954126970217,195667.35578461722
200161,16,196045.6549520277,192000.0,H1,13.408054896836878,125.98652721115596,6.418616099258349,35.07771086326133,1800.0,-4500.0,-2500.0,-1800.0,nautilus,1476.4355409366797,1.0,True,0.0,196045.6549520277
200161,16,196080.02265514876,192000.0,H1,13.371504972200585,115.9780060378563,6.418616099258349,35.07771086326133,1800.0,-4500.0,-2500.0,-1800.0,nautilus,1476.4355409366797,2.0,False,0.0,196080.02265514876
200161,16,196118.44014380177,192000.0,H1,13.461012795755444,110.63428701142163,6.418616099258349,35.07771086326133,1800.0,-4500.0,-2500.0,-1800.0,nautilus,1476.4355409366797,3.0,False,0.0,196118.44014380177
200163,16,196352.23297478684,192000.0,H3,13.457297135409124,126.0435673683437,6.4134894225354735,35.13888847058876,1900.0,-3600.0,3100.0,-1900.0,nautilus,1476.4934512075283,1.0,True,0.0,196352.23297478684
200163,16,196385.08647605375,192000.0,H3,13.451207688810577,117.87926447875915,6.4134894225354735,35.13888847058876,1900.0,-3600.0,3100.0,-1900.0,nautilus,1476.4934512075283,2.0,False,0.0,196385.08647605375
200163,16,196419.63461997485,192000.0,H3,13.509633351988304,109.55308386671705,6.4134894225354735,35.13888847058876,1900.0,-3600.0,3100.0,-1900.0,nautilus,1476.4934512075283,3.0,False,0.0,196419.63461997485
200175,17,205399.338125982,204000.0,H5,14.193170866726373,136.34951004838774,6.507033300612447,34.9840179619902,2100.0,0.0,0.0,-2100.0,nautilus,1476.6630957341652,1.0,True,16.211553440378566,205383.12657254163
200175,17,205440.2130948094,204000.0,H5,14.070287795781656,127.67392059772004,6.507033300612447,34.9840179619902,2100.0,0.0,0.0,-2100.0,nautilus,1476.6630957341652,2.0,False,16.211553440378566,205424.00154136904
200175,17,205464.628149296,204000.0,H5,14.143960821970714,120.54818748230804,6.507033300612447,34.9840179619902,2100.0,0.0,0.0,-2100.0,nautilus,1476.6630957341652,3.0,False,16.211553440378566,205448.41659585564
200172,17,205947.89922007205,204000.0,H2,13.93830579093936,133.94615593337457,6.382509411363683,34.979223007717046,1750.0,4200.0,-2300.0,-1750.0,nautilus,1476.1679249460542,1.0,True,0.0,205947.89922007205
200172,17,205989.3535804263,204000.0,H2,13.928841373077912,125.11547674635824,6.382509411363683,34.979223007717046,1750.0,4200.0,-2300.0,-1750.0,nautilus,1476.1679249460542,2.0,False,0.0,205989.3535804263
200172,17,206009.85315747873,204000.0,H2,13.925926890913985,118.55204047252356,6.382509411363683,34.979223007717046,1750.0,4200.0,-2300.0,-1750.0,nautilus,1476.1679249460542,3.0,False,0.0,206009.85315747873
200174,17,207275.2765592349,204000.0,H4,14.128824558791756,129.31716474162,6.548330302871158,35.003882450424456,1850.0,4300.0,3300.0,-1850.0,nautilus,1476.8502639974438,1.0,True,-23.697954126970217,207298.97451336187
200174,17,207311.5992131536,204000.0,H4,14.052279228575156,121.18620051210635,6.548330302871158,35.003882450424456,1850.0,4300.0,3300.0,-1850.0,nautilus,1476.8502639974438,2.0,False,-23.697954126970217,207335.29716728057
200174,17,207334.63018250512,204000.0,H4,14.109668245541371,114.22842559652196,6.548330302871158,35.003882450424456,1850.0,4300.0,3300.0,-1850.0,nautilus,1476.8502639974438,3.0,False,-23.697954126970217,207358.3281366321
200171,17,208395.505608825,204000.0,H1,14.149369133510596,126.16325012562342,6.414039911269629,34.998112941840596,1800.0,-4500.0,-2500.0,-1800.0,nautilus,1476.3160042048933,1.0,True,0.0,208395.505608825
200171,17,208432.82169449097,204000.0,H1,14.14208500821465,117.98911821055016,6.414039911269629,34.998112941840596,1800.0,-4500.0,-2500.0,-1800.0,nautilus,1476.3160042048933,2.0,False,0.0,208432.82169449097
200171,17,208455.70748371613,204000.0,H1,14.081042917754194,110.37267917289176,6.414039911269629,34.998112941840596,1800.0,-4500.0,-2500.0,-1800.0,nautilus,1476.3160042048933,3.0,False,0.0,208455.70748371613
200173,17,208502.90430653672,204000.0,H3,13.95783858883732,128.03984181592287,6.384884920385632,34.95046993747946,1900.0,-3600.0,3100.0,-1900.0,nautilus,1476.1405756401384,1.0,True,0.0,208502.90430653672
200173,17,208535.81520086864,204000.0,H3,13.881829867258531,120.693473981953,6.384884920385632,34.95046993747946,1900.0,-3600.0,3100.0,-1900.0,nautilus,1476.1405756401384,2.0,False,0.0,208535.81520086864
200173,17,208566.76165448496,204000.0,H3,13.939844860965527,111.36385097678598,6.384884920385632,34.95046993747946,1900.0,-3600.0,3100.0,-1900.0,nautilus,1476.1405756401384,3.0,False,0.0,208566.76165448496
200185,18,217630.00405712193,216000.0,H5,14.791996198391429,136.43256513725578,6.108497729626459,35.024629277031494,2100.0,0.0,0.0,-2100.0,nautilus,1475.1444323283245,1.0,True,16.211553440378566,217613.79250368156
200185,18,217671.85838466804,216000.0,H5,14.761839736259024,129.05497320704814,6.108497729626459,35.024629277031494,2100.0,0.0,0.0,-2100.0,nautilus,1475.1444323283245,2.0,False,16.211553440378566,217655.64683122767
200185,18,217694.60161694736,216000.0,H5,14.66271808943524,119.67650101578556,6.108497729626459,35.024629277031494,2100.0,0.0,0.0,-2100.0,nautilus,1475.1444323283245,3.0,False,16.211553440378566,217678.390063507
200182,18,217833.2610649804,216000.0,H2,14.803483276248176,136.32738096796194,6.033829936457375,35.08227015363537,1750.0,4200.0,-2300.0,-1750.0,nautilus,1474.9222105077445,1.0,True,0.0,217833.2610649804
200182,18,217869.189850815,216000.0,H2,14.797145176064562,129.04904607949837,6.033829936457375,35.08227015363537,1750.0,4200.0,-2300.0,-1750.0,nautilus,1474.9222105077445,2.0,False,0.0,217869.189850815
200182,18,217904.2515845502,216000.0,H2,14.866834058295844,120.6560327030971,6.033829936457375,35.08227015363537,1750.0,4200.0,-2300.0,-1750.0,nautilus,1474.9222105077445,3.0,False,0.0,217904.2515845502
200184,18,218935.3996070585,216000.0,H4,14.82389178469215,129.82244231189333,6.178530797756927,35.0458433570304,1850.0,4300.0,3300.0,-1850.0,nautilus,1475.4486555802657,1.0,True,-23.697954126970217,218959.09756118548
200184,18,218974.95224652128,216000.0,H4,14.832654832287092,121.29169864076992,6.178530797756927,35.0458433570304,1850.0,4300.0,3300.0,-1850.0,nautilus,1475.4486555802657,2.0,False,-23.697954126970217,218998.65020064826
200184,18,218992.71990354592,216000.0,H4,14.90435778779227,112.12030400106768,6.178530797756927,35.0458433570304,1850.0,4300.0,3300.0,-1850.0,nautilus,1475.4486555802657,3.0,False,-23.697954126970217,219016.4178576729
200183,18,220648.79397669632,216000.0,H3,14.817805487037706,123.98918284882232,6.087781257258422,35.05374249945458,1900.0,-3600.0,3100.0,-1900.0,nautilus,1475.099607299957,1.0,True,0.0,220648.79397669632
200183,18,220690.7944361703,216000.0,H3,14.826045514264262,114.50362419723164,6.087781257258422,35.05374249945458,1900.0,-3600.0,3100.0,-1900.0,nautilus,1475.099607299957,2.0,False,0.0,220690.7944361703
200183,18,220713.95943151755,216000.0,H3,14.74591534362818,109.5807732298364,6.087781257258422,35.05374249945458,1900.0,-3600.0,3100.0,-1900.0,nautilus,1475.099607299957,3.0,False,0.0,220713.95943151755
200181,18,220765.34024096184,216000.0,H1,14.686246618193367,126.25964631926932,6.203552052482642,35.016752728518696,1800.0,-4500.0,-2500.0,-1800.0,nautilus,1475.5103596183192,1.0,True,0.0,220765.34024096184
200181,18,220804.87977715916,216000.0,H1,14.650994113709336,119.05009989385758,6.203552052482642,35.016752728518696,1800.0,-4500.0,-2500.0,-1800.0,nautilus,1475.5103596183192,2.0,False,0.0,220804.87977715916
200181,18,220836.57931515257,216000.0,H1,14.64009907242385,110.43823718779416,6.203552052482642,35.016752728518696,1800.0,-4500.0,-2500.0,-1800.0,nautilus,1475.5103596183192,3.0,False,0.0,220836.57931515257
200192,19,229822.69224663812,228000.0,H2,15.398015604404554,137.11107345294062,6.157326920653723,34.95284189613146,1750.0,4200.0,-2300.0,-1750.0,nautilus,1475.2459163526548,1.0,True,0.0,229822.69224663812
200192,19,229863.53817407475,228000.0,H2,15.418814887676104,129.49790795377402,6.157326920653723,34.95284189613146,1750.0,4200.0,-2300.0,-1750.0,nautilus,1475.2459163526548,2.0,False,0.0,229863.53817407475
200192,19,229880.77617865367,228000.0,H2,15.333547033706532,121.17255412120385,6.157326920653723,34.95284189613146,1750.0,4200.0,-2300.0,-1750.0,nautilus,1475.2459163526548,3.0,False,0.0,229880.77617865367
200195,19,229910.5369094762,228000.0,H5,15.334170335432493,135.95044165895567,6.025428010136237,34.985835905943276,2100.0,0.0,0.0,-2100.0,nautilus,1474.7654641443003,1.0,True,16.211553440378566,229894.32535603584
200195,19,229950.79406137628,228000.0,H5,15.37177499342956,129.5308472447688,6.025428010136237,34.985835905943276,2100.0,0.0,0.0,-2100.0,nautilus,1474.7654641443003,2.0,False,16.211553440378566,229934.5825079359
200195,19,229976.50371070064,228000.0,H5,15.464836402710704,118.8233053279264,6.025428010136237,34.985835905943276,2100.0,0.0,0.0,-2100.0,nautilus,1474.7654641443003,3.0,False,16.211553440378566,229960.29215726026
200194,19,230569.49771427785,228000.0,H4,15.61355045159722,132.11081695696606,6.023320617410476,34.95440949673417,1850.0,4300.0,3300.0,-1850.0,nautilus,1474.7168813529065,1.0,True,-23.697954126970217,230593.19566840483
200194,19,230604.77609650316,228000.0,H4,15.544965333082912,123.12542069923975,6.023320617410476,34.95440949673417,1850.0,4300.0,3300.0,-1850.0,nautilus,1474.7168813529065,2.0,False,-23.697954126970217,230628.47405063015
200194,19,230638.74728651275,228000.0,H4,15.642413790223475,115.46759487336207,6.023320617410476,34.95440949673417,1850.0,4300.0,3300.0,-1850.0,nautilus,1474.7168813529065,3.0,False,-23.697954126970217,230662.44524063973
200193,19,232800.595992063,228000.0,H3,15.3755411576099,123.26166142729096,6.011182832238285,34.94048181691738,1900.0,-3600.0,3100.0,-1900.0,nautilus,1474.6508677619283,1.0,True,0.0,232800.595992063
200193,19,232844.3356170964,228000.0,H3,15.39594036908582,117.26880239047378,6.011182832238285,34.94048181691738,1900.0,-3600.0,3100.0,-1900.0,nautilus,1474.6508677619283,2.0,False,0.0,232844.3356170964
200193,19,232868.57796313355,228000.0,H3,15.341561309664415,108.17427281661377,6.011182832238285,34.94048181691738,1900.0,-3600.0,3100.0,-1900.0,nautilus,1474.6508677619283,3.0,False,0.0,232868.57796313355
200191,19,233148.14401192317,228000.0,H1,15.499798338202348,123.3999832136309,6.071008780553793,34.94927971232827,1800.0,-4500.0,-2500.0,-1800.0,nautilus,1474.8995017388079,1.0,True,0.0,233148.14401192317
200191,19,233179.38135357288,228000.0,H1,15.488810485791342,113.78093349782124,6.071008780553793,34.94927971232827,1800.0,-4500.0,-2500.0,-1800.0,nautilus,1474.8995017388079,2.0,False,0.0,233179.38135357288
200191,19,233215.17323544604,228000.0,H1,15.634912304486967,108.1170962884174,6.071008780553793,34.94927971232827,1800.0,-4500.0,-2500.0,-1800.0,nautilus,1474.8995017388079,3.0,False,0.0,233215.17323544604
200202,20,241908.29147844968,240000.0,H2,16.0902554021406,137.29347732038366,5.745389425504033,34.92590661054066,1750.0,4200.0,-2300.0,-1750.0,nautilus,1473.5732398931857,1.0,True,0.0,241908.29147844968
200202,20,241948.0950244779,240000.0,H2,16.04068547885219,129.12903046492892,5.745389425504033,34.92590661054066,1750.0,4200.0,-2300.0,-1750.0,nautilus,1473.5732398931857,2.0,False,0.0,241948.0950244779
200202,20,241965.518623986,240000.0,H2,16.18679175456652,122.5911038901346,5.745389425504033,34.92590661054066,1750.0,4200.0,-2300.0,-1750.0,nautilus,1473.5732398931857,3.0,False,0.0,241965.518623986
200204,20,242212.70274767108,240000.0,H4,16.20833207531034,132.0281754086176,6.030581226652849,34.93911374078404,1850.0,4300.0,3300.0,-1850.0,nautilus,1474.7261254984687,1.0,True,-23.697954126970217,242236.40070179806
200205,20,242229.1685375139,240000.0,H5,16.05960248294854,134.75303656398808,5.703886741799125,34.920615477848855,2100.0,0.0,0.0,-2100.0,nautilus,1473.4004598465885,1.0,True,16.211553440378566,242212.95698407353
200204,20,242258.35580707688,240000.0,H4,16.2435766570275,123.69385188227456,6.030581226652849,34.93911374078404,1850.0,4300.0,3300.0,-1850.0,nautilus,1474.7261254984687,2.0,False,-23.697954126970217,242282.05376120386
200205,20,242264.75168453663,240000.0,H5,16.064664203964607,127.2062758704038,5.703886741799125,34.920615477848855,2100.0,0.0,0.0,-2100.0,nautilus,1473.4004598465885,2.0,False,16.211553440378566,242248.54013109626
200204,20,242281.6716952584,240000.0,H4,16.222881757220314,116.30787955947268,6.030581226652849,34.93911374078404,1850.0,4300.0,3300.0,-1850.0,nautilus,1474.7261254984687,3.0,False,-23.697954126970217,242305.3696493854
200205,20,242285.4828482876,240000.0,H5,16.018938528236244,117.80972466215268,5.703886741799125,34.920615477848855,2100.0,0.0,0.0,-2100.0,nautilus,1473.4004598465885,3.0,False,16.211553440378566,242269.27129484722
200203,20,244984.65406937912,240000.0,H3,16.029574857222343,123.60322584259116,5.8146346270758515,34.94765735288028,1900.0,-3600.0,3100.0,-1900.0,nautilus,1473.8776868698671,1.0,True,0.0,244984.65406937912
200203,20,245016.1774983389,240000.0,H3,16.03544847761374,117.2357415981806,5.8146346270758515,34.94765735288028,1900.0,-3600.0,3100.0,-1900.0,nautilus,1473.8776868698671,2.0,False,0.0,245016.1774983389
200203,20,245043.28264475884,240000.0,H3,16.040868832018035,106.70590394095468,5.8146346270758515,34.94765735288028,1900.0,-3600.0,3100.0,-1900.0,nautilus,1473.8776868698671,3.0,False,0.0,245043.28264475884
200201,20,245537.73375147057,240000.0,H1,16.170593292808277,123.07911170506584,5.8535558673682715,34.90622451342417,1800.0,-4500.0,-2500.0,-1800.0,nautilus,1473.9798250487963,1.0,True,0.0,245537.73375147057
200201,20,245566.9802569416,240000.0,H1,16.312038224494092,115.78721372702653,5.8535558673682715,34.90622451342417,1800.0,-4500.0,-2500.0,-1800.0,nautilus,1473.9798250487963,2.0,False,0.0,245566.9802569416
200201,20,245599.85727188815,240000.0,H1,16.125012152433555,108.54661452847776,5.8535558673682715,34.90622451342417,1800.0,-4500.0,-2500.0,-1800.0,nautilus,1473.9798250487963,3.0,False,0.0,245599.85727188815
200214,21,253896.69686120088,252000.0,H4,16.76142157062167,134.77198703431876,6.150703985075805,34.98431789096898,1850.0,4300.0,3300.0,-1850.0,nautilus,1475.2599546886263,1.0,True,-23.697954126970217,253920.39481532786
200214,21,253927.2056197087,252000.0,H4,16.711250795096618,126.37665186291338,6.150703985075805,34.98431789096898,1850.0,4300.0,3300.0,-1850.0,nautilus,1475.2599546886263,2.0,False,-23.697954126970217,253950.90357383568
200214,21,253965.46188206636,252000.0,H4,16.798608105949764,118.3729880193183,6.150703985075805,34.98431789096898,1850.0,4300.0,3300.0,-1850.0,nautilus,1475.2599546886263,3.0,False,-23.697954126970217,253989.15983619334
200212,21,254048.19367055324,252000.0,H2,16.4303351699693,134.0596459330133,6.028750511708479,34.99437172204522,1750.0,4200.0,-2300.0,-1750.0,nautilus,1474.7895737636804,1.0,True,0.0,254048.19367055324
200212,21,254087.9264241246,252000.0,H2,16.5477962542642,125.34391437584463,6.028750511708479,34.99437172204522,1750.0,4200.0,-2300.0,-1750.0,nautilus,1474.7895737636804,2.0,False,0.0,254087.9264241246
200212,21,254107.67335529413,252000.0,H2,16.334519275172628,116.80651280424874,6.028750511708479,34.99437172204522,1750.0,4200.0,-2300.0,-1750.0,nautilus,1474.7895737636804,3.0,False,0.0,254107.67335529413
200215,21,254567.7315114999,252000.0,H5,16.68056413530836,132.2889640902616,6.123828943088746,35.020789959774746,2100.0,0.0,0.0,-2100.0,nautilus,1475.2002270064636,1.0,True,16.211553440378566,254551.51995805954
200215,21,254605.41117152743,252000.0,H5,16.716422175706203,126.99447045977104,6.123828943088746,35.020789959774746,2100.0,0.0,0.0,-2100.0,nautilus,1475.2002270064636,2.0,False,16.211553440378566,254589.19961808706
200215,21,254635.75123039345,252000.0,H5,16.739377583061568,117.98690830867352,6.123828943088746,35.020789959774746,2100.0,0.0,0.0,-2100.0,nautilus,1475.2002270064636,3.0,False,16.211553440378566,254619.53967695308
200213,21,257189.2536963521,252000.0,H3,16.591452098892713,124.88651164570432,6.0783283617337105,34.96412151723652,1900.0,-3600.0,3100.0,-1900.0,nautilus,1474.9475053571366,1.0,True,0.0,257189.2536963521
200213,21,257228.3389475235,252000.0,H3,16.629132509439085,117.5388562001209,6.0783283617337105,34.96412151723652,1900.0,-3600.0,3100.0,-1900.0,nautilus,1474.9475053571366,2.0,False,0.0,257228.3389475235
200213,21,257247.84139022455,252000.0,H3,16.54609695870075,109.16884898022263,6.0783283617337105,34.96412151723652,1900.0,-3600.0,3100.0,-1900.0,nautilus,1474.9475053571366,3.0,False,0.0,257247.84139022455
200211,21,257917.02030125025,252000.0,H1,16.617121014202176,121.35261969738868,6.055316516105892,35.01431262418299,1800.0,-4500.0,-2500.0,-1800.0,nautilus,1474.9204795548715,1.0,True,0.0,257917.02030125025
200211,21,257948.1343574848,252000.0,H1,16.478106353444442,116.00342443647344,6.055316516105892,35.01431262418299,1800.0,-4500.0,-2500.0,-1800.0,nautilus,1474.9204795548715,2.0,False,0.0,257948.1343574848
200211,21,257977.34909252363,252000.0,H1,16.56552682784617,105.52162834498183,6.055316516105892,35.01431262418299,1800.0,-4500.0,-2500.0,-1800.0,nautilus,1474.9204795548715,3.0,False,0.0,257977.34909252363
200224,22,265654.5016593711,264000.0,H4,16.79121230158606,135.6418366455446,5.731239323955228,34.91731401965769,1850.0,4300.0,3300.0,-1850.0,nautilus,1473.5056437160001,1.0,True,-23.697954126970217,265678.19961349806
200224,22,265688.51875384356,264000.0,H4,16.86525644442965,127.7610335660128,5.731239323955228,34.91731401965769,1850.0,4300.0,3300.0,-1850.0,nautilus,1473.5056437160001,2.0,False,-23.697954126970217,265712.21670797054
200224,22,265723.2742365414,264000.0,H4,16.807842670291855,118.7347719739382,5.731239323955228,34.91731401965769,1850.0,4300.0,3300.0,-1850.0,nautilus,1473.5056437160001,3.0,False,-23.697954126970217,265746.9721906684
200222,22,266210.1529078959,264000.0,H2,16.762381322525822,135.5685738397098,5.811677489918431,34.937672978322226,1750.0,4200.0,-2300.0,-1750.0,nautilus,1473.8530876828054,1.0,True,0.0,266210.1529078959
200222,22,266249.1960913588,264000.0,H2,16.91179370194599,125.67528388955768,5.811677489918431,34.937672978322226,1750.0,4200.0,-2300.0,-1750.0,nautilus,1473.8530876828054,2.0,False,0.0,266249.1960913588
200222,22,266281.9683851683,264000.0,H2,16.78130642127962,119.45415861999824,5.811677489918431,34.937672978322226,1750.0,4200.0,-2300.0,-1750.0,nautilus,1473.8530876828054,3.0,False,0.0,266281.9683851683
200225,22,266917.24182291847,264000.0,H5,16.86910417184245,131.2132208029802,5.8190549458232335,34.927452523323815,2100.0,0.0,0.0,-2100.0,nautilus,1473.8694256755841,1.0,True,16.211553440378566,266901.0302694781
200225,22,266956.4287789319,264000.0,H5,16.869473830350696,122.05031168418785,5.8190549458232335,34.927452523323815,2100.0,0.0,0.0,-2100.0,nautilus,1473.8694256755841,2.0,False,16.211553440378566,266940.21722549153
200225,22,266975.257391698,264000.0,H5,16.90644516488066,115.8727802348585,5.8190549458232335,34.927452523323815,2100.0,0.0,0.0,-2100.0,nautilus,1473.8694256755841,3.0,False,16.211553440378566,266959.04583825765
200223,22,269436.64952916914,264000.0,H3,16.80507135327664,124.1060622236543,5.93913839541143,34.92240767901291,1900.0,-3600.0,3100.0,-1900.0,nautilus,1474.3413892404567,1.0,True,0.0,269436.64952916914
200223,22,269470.92795313,264000.0,H3,16.884529789791323,115.17421444998315,5.93913839541143,34.92240767901291,1900.0,-3600.0,3100.0,-1900.0,nautilus,1474.3413892404567,2.0,False,0.0,269470.92795313
200223,22,269503.47524068644,264000.0,H3,16.74073716329832,108.79363462637616,5.93913839541143,34.92240767901291,1900.0,-3600.0,3100.0,-1900.0,nautilus,1474.3413892404567,3.0,False,0.0,269503.47524068644
200221,22,270288.01872875105,264000.0,H1,16.894074511271405,119.5100192691498,5.765358409979931,34.934797884472445,1800.0,-4500.0,-2500.0,-1800.0,nautilus,1473.664446993856,1.0,True,0.0,270288.01872875105
200221,22,270318.99761549063,264000.0,H1,16.886761097636796,111.65979490763328,5.765358409979931,34.934797884472445,1800.0,-4500.0,-2500.0,-1800.0,nautilus,1473.664446993856,2.0,False,0.0,270318.99761549063
200221,22,270358.050978714,264000.0,H1,16.82152907678064,105.53679469099036,5.765358409979931,34.934797884472445,1800.0,-4500.0,-2500.0,-1800.0,nautilus,1473.664446993856,3.0,False,0.0,270358.050978714
200234,23,277532.85596155934,276000.0,H4,16.709200635675618,132.85893939947803,6.0038371820833625,34.8315589969621,1850.0,4300.0,3300.0,-1850.0,nautilus,1474.4822799245082,1.0,True,-23.697954126970217,277556.5539156863
200234,23,277570.00417559664,276000.0,H4,16.71547984957369,125.27035997434992,6.0038371820833625,34.8315589969621,1850.0,4300.0,3300.0,-1850.0,nautilus,1474.4822799245082,2.0,False,-23.697954126970217,277593.7021297236
200234,23,277594.61565737554,276000.0,H4,16.71589444444629,118.53645851492412,6.0038371820833625,34.8315589969621,1850.0,4300.0,3300.0,-1850.0,nautilus,1474.4822799245082,3.0,False,-23.697954126970217,277618.3136115025
200232,23,278349.3951074123,276000.0,H2,16.82554143045248,132.7277077902977,6.0225913827875335,34.85061497055055,1750.0,4200.0,-2300.0,-1750.0,nautilus,1474.5811531178367,1.0,True,0.0,278349.3951074123
200232,23,278382.7511762375,276000.0,H2,16.810988663142982,124.27706845527312,6.0225913827875335,34.85061497055055,1750.0,4200.0,-2300.0,-1750.0,nautilus,1474.5811531178367,2.0,False,0.0,278382.7511762375
200232,23,278405.24987352185,276000.0,H2,16.807308929539925,116.68690569957316,6.0225913827875335,34.85061497055055,1750.0,4200.0,-2300.0,-1750.0,nautilus,1474.5811531178367,3.0,False,0.0,278405.24987352185
200235,23,279246.1407923713,276000.0,H5,16.786672062054404,130.58219019163175,6.017954897946666,34.85465739081623,2100.0,0.0,0.0,-2100.0,nautilus,1474.5679161553596,1.0,True,16.211553440378566,279229.9292389309
200235,23,279288.3095691391,276000.0,H5,16.84353686910709,122.07370448243908,6.017954897946666,34.85465739081623,2100.0,0.0,0.0,-2100.0,nautilus,1474.5679161553596,2.0,False,16.211553440378566,279272.0980156987
200235,23,279309.6759593709,276000.0,H5,16.734365522051664,113.7454044143888,6.017954897946666,34.85465739081623,2100.0,0.0,0.0,-2100.0,nautilus,1474.5679161553596,3.0,False,16.211553440378566,279293.46440593054
200233,23,281705.3636132998,276000.0,H3,16.84401184366801,121.14870234913349,5.993016551892979,34.84451384216711,1900.0,-3600.0,3100.0,-1900.0,nautilus,1474.4558709247453,1.0,True,0.0,281705.3636132998
200233,23,281742.43928758416,276000.0,H3,16.899179497534888,112.753988854316,5.993016551892979,34.84451384216711,1900.0,-3600.0,3100.0,-1900.0,nautilus,1474.4558709247453,2.0,False,0.0,281742.43928758416
200233,23,281766.7974611135,276000.0,H3,16.855379777918497,106.22712145562814,5.993016551892979,34.84451384216711,1900.0,-3600.0,3100.0,-1900.0,nautilus,1474.4558709247453,3.0,False,0.0,281766.7974611135
200231,23,282624.77719476225,276000.0,H1,16.79396028061592,117.40318381107086,5.955335256565798,34.82234580216817,1800.0,-4500.0,-2500.0,-1800.0,nautilus,1474.2776859551698,1.0,True,0.0,282624.77719476225
200231,23,282660.27166856534,276000.0,H1,16.856589907269463,110.0710963035707,5.955335256565798,34.82234580216817,1800.0,-4500.0,-2500.0,-1800.0,nautilus,1474.2776859551698,2.0,False,0.0,282660.27166856534
200231,23,282695.568939329,276000.0,H1,16.903359373842456,102.08968260748352,5.955335256565798,34.82234580216817,1800.0,-4500.0,-2500.0,-1800.0,nautilus,1474.2776859551698,3.0,False,0.0,282695.568939329
100002,-3,286441.9658371567,285000.0,H5,0.0,116.88593285684894,5.47,35.0,2100.0,0.0,0.0,-2100.0,sync_buoy,1472.5638140236701,5.0,False,16.211553440378566,286425.7542837163
100002,-3,288447.048103589,285000.0,H2,0.0,119.14522200745414,5.225,35.0,1750.0,4200.0,-2300.0,-1750.0,sync_buoy,1471.5748328970315,2.0,False,0.0,288447.048103589
100002,-3,288484.7013989147,285000.0,H3,0.0,117.90271307432992,5.33,35.0,1900.0,-3600.0,3100.0,-1900.0,sync_buoy,1471.99942213673,3.0,False,0.0,288484.7013989147
100002,-3,288717.61769915355,285000.0,H1,0.0,117.5366924234616,5.26,35.0,1800.0,-4500.0,-2500.0,-1800.0,sync_buoy,1471.71648615704,4.0,False,0.0,288717.61769915355
100002,-3,288867.0857348808,285000.0,H4,0.0,119.52352940045616,5.295,35.0,1850.0,4300.0,3300.0,-1850.0,sync_buoy,1471.8580158787388,1.0,True,-23.697954126970217,288890.7836890078
200244,24,289549.1062141441,288000.0,H4,16.516152223094274,133.59702879261442,6.035719473976267,34.86202882795262,1850.0,4300.0,3300.0,-1850.0,nautilus,1474.647876143617,1.0,True,-23.697954126970217,289572.8041682711
200244,24,289586.19449744513,288000.0,H4,16.445187194149657,124.9361781873891,6.035719473976267,34.86202882795262,1850.0,4300.0,3300.0,-1850.0,nautilus,1474.647876143617,2.0,False,-23.697954126970217,289609.8924515721
200244,24,289611.6335270393,288000.0,H4,16.45834169125715,116.22602912397684,6.035719473976267,34.86202882795262,1850.0,4300.0,3300.0,-1850.0,nautilus,1474.647876143617,3.0,False,-23.697954126970217,289635.3314811663
200242,24,290449.5786885378,288000.0,H2,16.543416121069107,130.7362952303003,6.042315710940445,34.82927410375166,1750.0,4200.0,-2300.0,-1750.0,nautilus,1474.6321432107911,1.0,True,0.0,290449.5786885378
200242,24,290483.2179925951,288000.0,H2,16.5306575480171,122.50821604142588,6.042315710940445,34.82927410375166,1750.0,4200.0,-2300.0,-1750.0,nautilus,1474.6321432107911,2.0,False,0.0,290483.2179925951
200242,24,290509.17063447525,288000.0,H2,16.479864508490845,113.8052531733833,6.042315710940445,34.82927410375166,1750.0,4200.0,-2300.0,-1750.0,nautilus,1474.6321432107911,3.0,False,0.0,290509.17063447525
200245,24,291561.504489743,288000.0,H5,16.596130514644166,127.41886567323024,6.106891085708558,34.85244185553007,2100.0,0.0,0.0,-2100.0,nautilus,1474.9178535907008,1.0,True,16.211553440378566,291545.2929363026
200245,24,291598.6283842807,288000.0,H5,16.49425950561824,120.65720493381248,6.106891085708558,34.85244185553007,2100.0,0.0,0.0,-2100.0,nautilus,1474.9178535907008,2.0,False,16.211553440378566,291582.41683084035
200245,24,291625.4207049319,288000.0,H5,16.556954271454146,111.7583194691378,6.106891085708558,34.85244185553007,2100.0,0.0,0.0,-2100.0,nautilus,1474.9178535907008,3.0,False,16.211553440378566,291609.2091514915
200243,24,294002.94628986425,288000.0,H3,16.518799555606712,120.33744825980926,6.015839279040963,34.85564318223207,1900.0,-3600.0,3100.0,-1900.0,nautilus,1474.5607764961858,1.0,True,0.0,294002.94628986425
200243,24,294035.4165632788,288000.0,H3,16.59496545793922,113.18142972518967,6.015839279040963,34.85564318223207,1900.0,-3600.0,3100.0,-1900.0,nautilus,1474.5607764961858,2.0,False,0.0,294035.4165632788
200243,24,294061.3486465912,288000.0,H3,16.557953299379868,102.87154484294716,6.015839279040963,34.85564318223207,1900.0,-3600.0,3100.0,-1900.0,nautilus,1474.5607764961858,3.0,False,0.0,294061.3486465912
200241,24,294941.49465982954,288000.0,H1,16.516207929012488,115.67600464497345,6.019355576606673,34.86106780572593,1800.0,-4500.0,-2500.0,-1800.0,nautilus,1474.581682223552,1.0,True,0.0,294941.49465982954
200241,24,294978.8211387642,288000.0,H1,16.619098662747508,107.88979909170634,6.019355576606673,34.86106780572593,1800.0,-4500.0,-2500.0,-1800.0,nautilus,1474.581682223552,2.0,False,0.0,294978.8211387642
200241,24,295009.6171826074,288000.0,H1,16.53004348481373,100.28158614342088,6.019355576606673,34.86106780572593,1800.0,-4500.0,-2500.0,-1800.0,nautilus,1474.581682223552,3.0,False,0.0,295009.6171826074
200254,25,301698.14171776024,300000.0,H4,16.18587948333803,134.58767773181768,6.099075437434664,34.892779978235794,1850.0,4300.0,3300.0,-1850.0,nautilus,1474.938476511463,1.0,True,-23.697954126970217,301721.8396718872
200254,25,301735.33081000036,300000.0,H4,16.116674003121002,125.16951490223188,6.099075437434664,34.892779978235794,1850.0,4300.0,3300.0,-1850.0,nautilus,1474.938476511463,2.0,False,-23.697954126970217,301759.02876412735
200254,25,301762.9228089112,300000.0,H4,16.152283820215874,120.86724932583772,6.099075437434664,34.892779978235794,1850.0,4300.0,3300.0,-1850.0,nautilus,1474.938476511463,3.0,False,-23.697954126970217,301786.62076303817
200252,25,302507.0196766018,300000.0,H2,16.12001057520033,130.72563492246064,6.032609109791335,34.83221695048374,1750.0,4200.0,-2300.0,-1750.0,nautilus,1474.5973806953662,1.0,True,0.0,302507.0196766018
200252,25,302536.9486833008,300000.0,H2,16.124525910155217,120.34756165339242,6.032609109791335,34.83221695048374,1750.0,4200.0,-2300.0,-1750.0,nautilus,1474.5973806953662,2.0,False,0.0,302536.9486833008
200252,25,302570.3308441992,300000.0,H2,16.08688893471654,115.59699187002737,6.032609109791335,34.83221695048374,1750.0,4200.0,-2300.0,-1750.0,nautilus,1474.5973806953662,3.0,False,0.0,302570.3308441992
200255,25,303857.0988255077,300000.0,H5,16.15595211539528,127.9485557718476,6.154505185099276,34.88606941358072,2100.0,0.0,0.0,-2100.0,nautilus,1475.149387138546,1.0,True,16.211553440378566,303840.8872720673
200255,25,303900.6889861646,300000.0,H5,16.131290067943965,119.17491381443634,6.154505185099276,34.88606941358072,2100.0,0.0,0.0,-2100.0,nautilus,1475.149387138546,2.0,False,16.211553440378566,303884.4774327242
200255,25,303919.8427164014,300000.0,H5,16.16295050242038,110.84601366916486,6.154505185099276,34.88606941358072,2100.0,0.0,0.0,-2100.0,nautilus,1475.149387138546,3.0,False,16.211553440378566,303903.631162961
200253,25,306319.2874146807,300000.0,H3,16.073166156086586,115.97654968167174,6.075012500304843,34.85783259864998,1900.0,-3600.0,3100.0,-1900.0,nautilus,1474.7983910288624,1.0,True,0.0,306319.2874146807
200253,25,306358.2567579392,300000.0,H3,16.037864795716192,107.69996764450666,6.075012500304843,34.85783259864998,1900.0,-3600.0,3100.0,-1900.0,nautilus,1474.7983910288624,2.0,False,0.0,306358.2567579392
200253,25,306383.91446415504,300000.0,H3,16.132688995404102,101.701562995876,6.075012500304843,34.85783259864998,1900.0,-3600.0,3100.0,-1900.0,nautilus,1474.7983910288624,3.0,False,0.0,306383.91446415504
200251,25,307223.5168083305,300000.0,H1,16.17634085568426,116.96580592534754,6.021152901823627,34.90093956650637,1800.0,-4500.0,-2500.0,-1800.0,nautilus,1474.6398462702746,1.0,True,0.0,307223.5168083305
200251,25,307258.60654246464,300000.0,H1,16.184577540749935,109.05269914564956,6.021152901823627,34.90093956650637,1800.0,-4500.0,-2500.0,-1800.0,nautilus,1474.6398462702746,2.0,False,0.0,307258.60654246464
200251,25,307292.8103884879,300000.0,H1,16.1619018553949,101.74338867119113,6.021152901823627,34.90093956650637,1800.0,-4500.0,-2500.0,-1800.0,nautilus,1474.6398462702746,3.0,False,0.0,307292.8103884879
200264,26,313955.44583894685,312000.0,H4,15.447295547950493,136.39132185358272,5.738549636545268,34.85295480105002,1850.0,4300.0,3300.0,-1850.0,nautilus,1473.4523266786832,1.0,True,-23.697954126970217,313979.14379307383
200264,26,313991.74173217564,312000.0,H4,15.559398011701097,128.7526785276162,5.738549636545268,34.85295480105002,1850.0,4300.0,3300.0,-1850.0,nautilus,1473.4523266786832,2.0,False,-23.697954126970217,314015.4396863026
200264,26,314024.1411031488,312000.0,H4,15.484026947865216,119.20964093657464,5.738549636545268,34.85295480105002,1850.0,4300.0,3300.0,-1850.0,nautilus,1473.4523266786832,3.0,False,-23.697954126970217,314047.8390572758
200262,26,314528.76845382416,312000.0,H2,15.303509273217434,134.0129634634957,5.668896308285907,34.832131674774274,1750.0,4200.0,-2300.0,-1750.0,nautilus,1473.1468261216544,1.0,True,0.0,314528.76845382416
200262,26,314568.0354998526,312000.0,H2,15.245679831118654,125.6523136117639,5.668896308285907,34.832131674774274,1750.0,4200.0,-2300.0,-1750.0,nautilus,1473.1468261216544,2.0,False,0.0,314568.0354998526
200262,26,314603.3388049701,312000.0,H2,15.188618712429564,118.76513663811372,5.668896308285907,34.832131674774274,1750.0,4200.0,-2300.0,-1750.0,nautilus,1473.1468261216544,3.0,False,0.0,314603.3388049701
200265,26,316148.1956631486,312000.0,H5,15.430435541556353,128.4826819880036,5.536640164770637,34.85014545853467,2100.0,0.0,0.0,-2100.0,nautilus,1472.6392649075065,1.0,True,16.211553440378566,316131.9841097082
200265,26,316181.02809303964,312000.0,H5,15.328341756743162,120.04982252974654,5.536640164770637,34.85014545853467,2100.0,0.0,0.0,-2100.0,nautilus,1472.6392649075065,2.0,False,16.211553440378566,316164.81653959927
200265,26,316216.32993196876,312000.0,H5,15.41677226398023,112.78990589337933,5.536640164770637,34.85014545853467,2100.0,0.0,0.0,-2100.0,nautilus,1472.6392649075065,3.0,False,16.211553440378566,316200.1183785284
200263,26,318656.8848906697,312000.0,H3,15.53050070688565,115.74417254115534,5.580901598112194,34.81588669756283,1900.0,-3600.0,3100.0,-1900.0,nautilus,1472.7730646121772,1.0,True,0.0,318656.8848906697
200263,26,318693.0819680793,312000.0,H3,15.540495224316045,109.15549970301852,5.580901598112194,34.81588669756283,1900.0,-3600.0,3100.0,-1900.0,nautilus,1472.7730646121772,2.0,False,0.0,318693.0819680793
200263,26,318719.72726411873,312000.0,H3,15.58090519110478,99.0022830188372,5.580901598112194,34.81588669756283,1900.0,-3600.0,3100.0,-1900.0,nautilus,1472.7730646121772,3.0,False,0.0,318719.72726411873
200261,26,319490.32352193864,312000.0,H1,15.499973769029284,113.89117168194696,5.595647073792828,34.86962431414885,1800.0,-4500.0,-2500.0,-1800.0,nautilus,1472.9012588145968,1.0,True,0.0,319490.32352193864
200261,26,319530.89507951064,312000.0,H1,15.544820385012956,106.34705094897984,5.595647073792828,34.86962431414885,1800.0,-4500.0,-2500.0,-1800.0,nautilus,1472.9012588145968,2.0,False,0.0,319530.89507951064
200261,26,319558.43855697254,312000.0,H1,15.47249491939578,96.9403398546611,5.595647073792828,34.86962431414885,1800.0,-4500.0,-2500.0,-1800.0,nautilus,1472.9012588145968,3.0,False,0.0,319558.43855697254
200274,27,326279.87130616483,324000.0,H4,14.80519789338387,134.90379144705017,6.102028472414925,34.906519847125146,1850.0,4300.0,3300.0,-1850.0,nautilus,1474.96775060147,1.0,True,-23.697954126970217,326303.5692602918
200274,27,326322.855725601,324000.0,H4,14.754112157857271,126.884335211464,6.102028472414925,34.906519847125146,1850.0,4300.0,3300.0,-1850.0,nautilus,1474.96775060147,2.0,False,-23.697954126970217,326346.553679728
200274,27,326339.5914091222,324000.0,H4,14.68892962208653,119.5024605714324,6.102028472414925,34.906519847125146,1850.0,4300.0,3300.0,-1850.0,nautilus,1474.96775060147,3.0,False,-23.697954126970217,326363.2893632492
200272,27,326535.4954491067,324000.0,H2,14.801757538243344,130.96263666071232,6.138226256549402,34.87070842943694,1750.0,4200.0,-2300.0,-1750.0,nautilus,1475.0653158461623,1.0,True,0.0,326535.4954491067
200272,27,326572.2585558142,324000.0,H2,14.826933682133172,123.36033567324144,6.138226256549402,34.87070842943694,1750.0,4200.0,-2300.0,-1750.0,nautilus,1475.0653158461623,2.0,False,0.0,326572.2585558142
200272,27,326601.6381132694,324000.0,H2,14.813052850219798,115.95283125627202,6.138226256549402,34.87070842943694,1750.0,4200.0,-2300.0,-1750.0,nautilus,1475.0653158461623,3.0,False,0.0,326601.6381132694
200275,27,328423.35459379817,324000.0,H5,14.669904274633804,126.55951319875426,6.166700673913818,34.875807293763735,2100.0,0.0,0.0,-2100.0,nautilus,1475.184520087709,1.0,True,16.211553440378566,328407.1430403578
200275,27,328463.1744273829,324000.0,H5,14.71051200126584,118.31836418508416,6.166700673913818,34.875807293763735,2100.0,0.0,0.0,-2100.0,nautilus,1475.184520087709,2.0,False,16.211553440378566,328446.9628739425
200275,27,328485.4368946445,324000.0,H5,14.665623493801869,110.55819426629922,6.166700673913818,34.875807293763735,2100.0,0.0,0.0,-2100.0,nautilus,1475.184520087709,3.0,False,16.211553440378566,328469.22534120415
200273,27,330999.6012039445,324000.0,H3,14.768489826574244,115.46695894835597,6.127140780150315,34.868682484260084,1900.0,-3600.0,3100.0,-1900.0,nautilus,1475.0188331743545,1.0,True,0.0,330999.6012039445
200273,27,331038.12318889896,324000.0,H3,14.70462898844046,106.75287678933525,6.127140780150315,34.868682484260084,1900.0,-3600.0,3100.0,-1900.0,nautilus,1475.0188331743545,2.0,False,0.0,331038.12318889896
200273,27,331056.2810318659,324000.0,H3,14.876249419210133,99.67371488056229,6.127140780150315,34.868682484260084,1900.0,-3600.0,3100.0,-1900.0,nautilus,1475.0188331743545,3.0,False,0.0,331056.2810318659
200271,27,331727.4321439137,324000.0,H1,14.762576908977245,111.71553342433248,5.996292915598118,34.843150785325946,1800.0,-4500.0,-2500.0,-1800.0,nautilus,1474.4671444881424,1.0,True,0.0,331727.4321439137
200271,27,331760.54150843393,324000.0,H1,14.765786843869842,104.7775163790906,5.996292915598118,34.843150785325946,1800.0,-4500.0,-2500.0,-1800.0,nautilus,1474.4671444881424,2.0,False,0.0,331760.54150843393
200271,27,331792.737502665,324000.0,H1,14.840596757015383,95.41924010081468,5.996292915598118,34.843150785325946,1800.0,-4500.0,-2500.0,-1800.0,nautilus,1474.4671444881424,3.0,False,0.0,331792.737502665
