Packet_ID,Ping_Group,Timestamp_ms,Emission_Timestamp_ms,Sensor_ID,Received_Frequency_Hz,Intensity_dB,Temperature_C,Salinity_PSU,Depth_m,X,Y,Z,Source_Label,Sound_Speed_mps,Echo_Rank,Is_Primary,Clock_Drift_ms,Corrected_Timestamp_ms,Engine_Timestamp_ms,Blade_Frequency_Hz,RPM,Blade_Count,Submarine_Velocity_mps,Submarine_Speed_knots
200001,0,2071.4642844458867,0.0,H1,14.870970687298293,134.37412890117557,6.742493110887589,34.99806209937777,1800.0,-4500.0,-2500.0,-1800.0,nautilus,1477.601526807965,1.0,True,0.0,2071.4642844458867,0.0,15.166666666666666,130.0,7,29.380787560752182,57.11168208353542
200003,0,2764.379525708661,0.0,H3,14.780503413095992,130.27215236722202,6.605887260907568,35.003741753651454,1900.0,-3600.0,3100.0,-1900.0,nautilus,1477.0753692661099,1.0,True,0.0,2764.379525708661,0.0,15.166666666666666,130.0,7,38.59085272153314,75.01461652133852
200005,0,4234.395550362574,0.0,H5,14.865567405983628,126.17525088253696,6.646814676133082,34.997521163384135,2100.0,0.0,0.0,-2100.0,nautilus,1477.2274432383308,1.0,True,16.211553440378566,4218.183996922196,0.0,15.166666666666666,130.0,7,29.92096291196538,58.16169896494336
200002,0,7193.98529636099,0.0,H2,14.705686256595186,112.30821907264514,6.703370254328474,35.04344010416769,1750.0,4200.0,-2300.0,-1750.0,nautilus,1477.5067194154544,1.0,True,0.0,7193.98529636099,12000.0,15.884908967650574,136.15636257986205,7,118.47862444979455,230.30402160867135
200004,0,7428.19067331846,0.0,H4,14.845409146921568,115.0101898942664,6.550558312641584,35.013679741691256,1850.0,4300.0,3300.0,-1850.0,nautilus,1476.8714773508018,1.0,True,-23.697954126970217,7451.88862744543,12000.0,15.884908967650574,136.15636257986205,7,103.4129555307197,201.01870405539418
200011,1,14142.463936081767,12000.0,H1,15.47834680917734,133.63449491406638,6.849428722619205,35.02344806191131,1800.0,-4500.0,-2500.0,-1800.0,nautilus,1478.05006763546,1.0,True,0.0,14142.463936081767,12000.0,15.884908967650574,136.15636257986205,7,38.823217572117414,75.46629765638356
200013,1,14360.67598250186,12000.0,H3,15.475006846461158,132.55016863791698,6.844158453572387,35.0192872768234,1900.0,-3600.0,3100.0,-1900.0,nautilus,1478.0242892966057,1.0,True,0.0,14360.67598250186,12000.0,15.884908967650574,136.15636257986205,7,39.149920731098355,76.1013577926316
200015,1,15926.116249768656,12000.0,H5,15.59646571911284,128.86917735030045,6.787835917218215,34.99567306462479,2100.0,0.0,0.0,-2100.0,nautilus,1477.7751282353101,1.0,True,16.211553440378566,15909.904696328278,12000.0,15.884908967650574,136.15636257986205,7,27.330182765323677,53.125625245769434
100000,-1,18867.9900611075,15000.0,H4,0.0,118.68940390057077,5.295,35.0,1850.0,4300.0,3300.0,-1850.0,sync_buoy,1471.8580158787388,1.0,True,-23.697954126970217,18891.688015234467,24000.0,16.5165206470084,141.5701769743577,7,,
200012,1,18944.153997277004,12000.0,H2,15.336828523296354,115.95622079700205,6.938244206534033,35.02897761785905,1750.0,4200.0,-2300.0,-1750.0,nautilus,1478.401945531404,1.0,True,0.0,18944.153997277004,24000.0,16.5165206470084,141.5701769743577,7,113.71706530947824,221.0482910983373
200014,1,19049.396208127386,12000.0,H4,15.555025851980217,113.79197559766293,6.868193397863495,35.04028417306221,1850.0,4300.0,3300.0,-1850.0,nautilus,1478.1443954188237,1.0,True,-23.697954126970217,19073.094162254354,24000.0,16.5165206470084,141.5701769743577,7,91.36777759288323,177.60475126046373
200023,2,25983.430203302392,24000.0,H3,16.069875867890755,134.58021960974168,6.981881724340475,35.00496949719282,1900.0,-3600.0,3100.0,-1900.0,nautilus,1478.5406007264505,1.0,True,0.0,25983.430203302392,24000.0,16.5165206470084,141.5701769743577,7,41.09443317776003,79.8811876025571
200021,2,26261.97941668342,24000.0,H1,16.024291953749415,133.31676368631932,6.768436591999803,35.00206585151608,1800.0,-4500.0,-2500.0,-1800.0,nautilus,1477.7077127805455,1.0,True,0.0,26261.97941668342,24000.0,16.5165206470084,141.5701769743577,7,45.39171768587853,88.23444042611357
200025,2,27630.743946417268,24000.0,H5,16.092544539435497,126.73468200880043,6.783544500530041,35.03983838141082,2100.0,0.0,0.0,-2100.0,nautilus,1477.8146043953761,1.0,True,16.211553440378566,27614.53239297689,24000.0,16.5165206470084,141.5701769743577,7,38.934680724389516,75.68296469103775
200024,2,30681.889073727132,24000.0,H4,16.105743332210675,115.81263802928798,6.893356083906537,35.00432971275693,1850.0,4300.0,3300.0,-1850.0,nautilus,1478.1964243223142,1.0,True,-23.697954126970217,30705.587027854104,36000.0,16.98532001461399,145.5884572681199,7,80.72816510403185,156.92299912230774
200022,2,30707.23078830146,24000.0,H2,16.030495233032003,115.81810133957715,6.918001447687194,35.01219406704205,1750.0,4200.0,-2300.0,-1750.0,nautilus,1478.3020873913426,1.0,True,0.0,30707.23078830146,36000.0,16.98532001461399,145.5884572681199,7,88.05214356678735,171.1596743198886
200033,3,37658.90499040573,36000.0,H3,16.461201624246524,136.0024848477732,6.875600023941646,35.07814056240839,1900.0,-3600.0,3100.0,-1900.0,nautilus,1478.2212931839617,1.0,True,0.0,37658.90499040573,36000.0,16.98532001461399,145.5884572681199,7,47.066002985426316,91.48899068441378
200031,3,38387.797321499944,36000.0,H1,16.53566519611198,131.60361622486664,6.975996485916224,35.06735594292681,1800.0,-4500.0,-2500.0,-1800.0,nautilus,1478.5970433021428,1.0,True,0.0,38387.797321499944,36000.0,16.98532001461399,145.5884572681199,7,40.20753185665355,78.15718935418597
200035,3,39346.670344532715,36000.0,H5,16.461371415234446,130.16444517433808,6.983322330286741,35.042558340531095,2100.0,0.0,0.0,-2100.0,nautilus,1478.5939261407511,1.0,True,16.211553440378566,39330.45879109234,36000.0,16.98532001461399,145.5884572681199,7,47.062130919151926,91.48146398971194
200034,3,42329.12836057848,36000.0,H4,16.671880893400704,117.36835977389784,6.8558612476367085,35.04863587667652,1850.0,4300.0,3300.0,-1850.0,nautilus,1478.107094588341,1.0,True,-23.697954126970217,42352.826314705446,48000.0,17.234762947992305,147.72653955421976,7,49.90438473187753,97.0063634096969
200032,3,42466.32738374933,36000.0,H2,16.56716501231715,119.0406824213572,6.860788421317854,35.05659539320453,1750.0,4200.0,-2300.0,-1750.0,nautilus,1478.1363613492365,1.0,True,0.0,42466.32738374933,48000.0,17.234762947992305,147.72653955421976,7,59.5636478992923,115.78246891871045
200043,4,49421.3166194317,48000.0,H3,16.844135808759702,136.21808571243736,7.249081943086549,35.071401178870374,1900.0,-3600.0,3100.0,-1900.0,nautilus,1479.6565438713494,1.0,True,0.0,49421.3166194317,48000.0,17.234762947992305,147.72653955421976,7,34.31425686313225,66.70157921559168
200041,4,50490.94989396941,48000.0,H1,16.869956179581354,132.90348814025745,6.99309620117891,35.04995506143463,1800.0,-4500.0,-2500.0,-1800.0,nautilus,1478.6411781871252,1.0,True,0.0,50490.94989396941,48000.0,17.234762947992305,147.72653955421976,7,31.975086604356058,62.15459599118873
200045,4,51062.08361885799,48000.0,H5,16.80721533654649,128.13427450440665,7.099831083425593,35.05952108010326,2100.0,0.0,0.0,-2100.0,nautilus,1479.0661240392776,1.0,True,16.211553440378566,51045.872065417614,48000.0,17.234762947992305,147.72653955421976,7,37.624982832721216,73.13711565755726
200044,4,53993.18597131283,48000.0,H4,16.755264511420602,121.35092815510068,7.109625145557794,35.06442117900689,1850.0,4300.0,3300.0,-1850.0,nautilus,1479.1101645006627,1.0,True,-23.697954126970217,54016.8839254398,60000.0,17.234762947992305,147.72653955421976,7,42.328846012067416,82.2806941919235
200042,4,54208.28755679251,48000.0,H2,16.942858610935524,118.8552895251115,7.115821283274013,35.06817878003945,1750.0,4200.0,-2300.0,-1750.0,nautilus,1479.1388554053262,1.0,True,0.0,54208.28755679251,60000.0,17.234762947992305,147.72653955421976,7,25.483718947128647,49.536386722280184
200053,5,61312.84389242723,60000.0,H3,16.79344937062266,138.49693374308322,6.991096148949142,35.07109864054239,1900.0,-3600.0,3100.0,-1900.0,nautilus,1478.6602864055915,1.0,True,0.0,61312.84389242723,60000.0,17.234762947992305,147.72653955421976,7,38.857583472375154,75.53309962232733
200051,5,62551.41831883656,60000.0,H1,16.76247264801954,133.51422286370706,7.019436146826659,35.06811240759006,1800.0,-4500.0,-2500.0,-1800.0,nautilus,1478.7662100501989,1.0,True,0.0,62551.41831883656,60000.0,17.234762947992305,147.72653955421976,7,41.66491135284356,80.99010846125078
200055,5,62767.80446000922,60000.0,H5,16.671212962648596,131.74206525226705,6.956049797702171,35.07577605146402,2100.0,0.0,0.0,-2100.0,nautilus,1478.530441516995,1.0,True,16.211553440378566,62751.59290656884,60000.0,17.234762947992305,147.72653955421976,7,49.97991510959348,97.153182718432
200054,5,65679.78111332581,60000.0,H4,16.789385397928186,120.68209248892433,6.95622734410913,35.0886001644213,1850.0,4300.0,3300.0,-1850.0,nautilus,1478.5474219529744,1.0,True,-23.697954126970217,65703.47906745278,60000.0,17.234762947992305,147.72653955421976,7,39.22191389592471,76.24130130957268
200052,5,65928.68812669328,60000.0,H2,16.820147743773422,118.14095183557562,6.959576570534504,35.080609603856566,1750.0,4200.0,-2300.0,-1750.0,nautilus,1478.5502518556937,1.0,True,0.0,65928.68812669328,60000.0,17.234762947992305,147.72653955421976,7,36.44613733241224,70.84562332434328
200063,6,73365.23626513968,72000.0,H3,16.616088327496787,135.522122958058,7.281836612361514,35.14432732186516,1900.0,-3600.0,3100.0,-1900.0,nautilus,1479.8749293307803,1.0,True,0.0,73365.23626513968,72000.0,16.98532001461399,145.5884572681199,7,32.884798522347104,63.9229344926832
200065,6,74445.02617770607,72000.0,H5,16.53145995227962,131.9173883634884,7.270069237539343,35.16640879593344,2100.0,0.0,0.0,-2100.0,nautilus,1479.8576763278086,1.0,True,16.211553440378566,74428.81462426568,72000.0,16.98532001461399,145.5884572681199,7,40.62849253259811,78.97547144565488
200061,6,74561.83043259542,72000.0,H1,16.69933825557852,130.73913983872302,7.288349341963088,35.166609436628214,1800.0,-4500.0,-2500.0,-1800.0,nautilus,1479.928194193466,1.0,True,0.0,74561.83043259542,72000.0,16.98532001461399,145.5884572681199,7,25.34426584719594,49.26531158202222
200064,6,77387.34796206589,72000.0,H4,16.53948291047216,123.92186751865978,7.2526655884394975,35.160431126674005,1850.0,4300.0,3300.0,-1850.0,nautilus,1479.783174782638,1.0,True,-23.697954126970217,77411.04591619286,72000.0,16.98532001461399,145.5884572681199,7,39.888928146911574,77.53787328773289
200062,6,77611.9970987059,72000.0,H2,16.473536789013558,122.29280868192843,7.2027352024165285,35.15463483620643,1750.0,4200.0,-2300.0,-1750.0,nautilus,1479.583653308749,1.0,True,0.0,77611.9970987059,72000.0,16.98532001461399,145.5884572681199,7,45.96621261932215,89.35116923842297
200073,7,85559.26076548723,84000.0,H3,16.11265137521569,138.01852915724362,7.482024387648805,35.135578749142496,1900.0,-3600.0,3100.0,-1900.0,nautilus,1480.6313719555662,1.0,True,0.0,85559.26076548723,84000.0,16.5165206470084,141.5701769743577,7,37.1125459156238,72.14101797853421
200075,7,86104.21238000462,84000.0,H5,16.17961679337276,135.3674184752248,7.638400308478345,35.110539801746,2100.0,0.0,0.0,-2100.0,nautilus,1481.1965799887414,1.0,True,16.211553440378566,86088.00082656424,84000.0,16.5165206470084,141.5701769743577,7,30.842562105336004,59.95314448121455
200071,7,86545.95125509654,84000.0,H1,16.059995749516435,132.84329029409466,7.5767503831284895,35.097197063485716,1800.0,-4500.0,-2500.0,-1800.0,nautilus,1480.9446766876183,1.0,True,0.0,86545.95125509654,84000.0,16.5165206470084,141.5701769743577,7,42.09765228215838,81.83128953335302
200074,7,89122.04265729712,84000.0,H4,16.22146351232663,123.35995868264496,7.598370402670951,35.111897432416725,1850.0,4300.0,3300.0,-1850.0,nautilus,1481.0457273959848,1.0,True,-23.697954126970217,89145.74061142409,84000.0,16.5165206470084,141.5701769743577,7,26.93919129590665,52.36559863135189
200072,7,89261.54258864102,84000.0,H2,16.130777398365773,123.27250692252969,7.62608167323237,35.122395378708624,1750.0,4200.0,-2300.0,-1750.0,nautilus,1481.1646280183797,1.0,True,0.0,89261.54258864102,84000.0,16.5165206470084,141.5701769743577,7,35.4198214553652,68.85062485924105
200085,8,97749.27428020188,96000.0,H5,15.551402247442931,135.6956580453894,7.200909780917961,35.13796204989401,2100.0,0.0,0.0,-2100.0,nautilus,1479.5554819813572,1.0,True,16.211553440378566,97733.06272676149,96000.0,15.884908967650574,136.15636257986205,7,31.729723680832436,61.67764862364821
200083,8,97861.08574611852,96000.0,H3,15.400803043714468,135.10944045985747,7.236631115913258,35.14278220866976,1900.0,-3600.0,3100.0,-1900.0,nautilus,1479.699115458313,1.0,True,0.0,97861.08574611852,96000.0,15.884908967650574,136.15636257986205,7,46.51258154546311,90.41322546634275
200081,8,98523.37427272268,96000.0,H1,15.297734420591771,131.8057910778399,7.224724141001253,35.164691597566794,1800.0,-4500.0,-2500.0,-1800.0,nautilus,1479.6810649674906,1.0,True,0.0,98523.37427272268,96000.0,15.884908967650574,136.15636257986205,7,56.794753734531305,110.40016924638887
200082,8,100899.64229380227,96000.0,H2,15.503140647888468,126.36379099905524,7.275672100061451,35.162484418763356,1750.0,4200.0,-2300.0,-1750.0,nautilus,1479.8742424872316,1.0,True,0.0,100899.64229380227,96000.0,15.884908967650574,136.15636257986205,7,36.44223553441856,70.83803883580264
200084,8,100897.43860892089,96000.0,H4,15.44009996379308,124.5367572780648,7.333829095745602,35.141946311874925,1850.0,4300.0,3300.0,-1850.0,nautilus,1480.0716246961595,1.0,True,-23.697954126970217,100921.13656304785,96000.0,15.884908967650574,136.15636257986205,7,42.63891986209072,82.88342953754115
200095,9,109399.60688653604,108000.0,H5,14.867167930708474,138.70842740144562,7.36986978290512,35.17698355847275,2100.0,0.0,0.0,-2100.0,nautilus,1480.2542769349652,1.0,True,16.211553440378566,109383.39533309566,108000.0,15.166666666666666,130.0,7,29.819686365619898,57.96483310811629
200093,9,110221.59925375169,108000.0,H3,14.942850883245391,133.65132888897546,7.192782922378294,35.16920342913954,1900.0,-3600.0,3100.0,-1900.0,nautilus,1479.5637934135514,1.0,True,0.0,110221.59925375169,108000.0,15.166666666666666,130.0,7,22.161081050196906,43.077695345955
200091,9,110524.34221541315,108000.0,H1,14.711924020249503,132.88388052601687,7.079783945200393,35.14779710573041,1800.0,-4500.0,-2500.0,-1800.0,nautilus,1479.1007169173727,1.0,True,0.0,110524.34221541315,108000.0,15.166666666666666,130.0,7,45.718709082696996,88.87006085189459
200092,9,112511.40276100353,108000.0,H2,14.86879736698392,124.69811013931847,7.209315778274965,35.16174554626888,1750.0,4200.0,-2300.0,-1750.0,nautilus,1479.6180106082793,1.0,True,0.0,112511.40276100353,108000.0,15.166666666666666,130.0,7,29.641454499643135,57.61837807705995
200094,9,112707.96447785312,108000.0,H4,14.76272730269694,121.45786930683784,7.2461948929865825,35.19018088425841,1850.0,4300.0,3300.0,-1850.0,nautilus,1479.795993034023,1.0,True,-23.697954126970217,112731.66243198009,108000.0,15.166666666666666,130.0,7,40.490340299242135,78.7069249877275
200105,10,121086.87908873256,120000.0,H5,14.103523965024692,137.06525387653718,7.520942996496306,35.126220055030664,2100.0,0.0,0.0,-2100.0,nautilus,1480.7682991361041,1.0,True,16.211553440378566,121070.66753529217,120000.0,14.448424365682763,123.84363742013797,7,36.21205458439604,70.39060286383663
200101,10,122573.5556111311,120000.0,H1,14.053473486240154,132.96596455767235,7.388147596102716,35.1194175896549,1800.0,-4500.0,-2500.0,-1800.0,nautilus,1480.251467096011,1.0,True,0.0,122573.5556111311,120000.0,14.448424365682763,123.84363742013797,7,41.60015097322341,80.86422435399778
200103,10,122606.07051996054,120000.0,H3,14.0619912827513,133.44620884459414,7.467453107852802,35.135609902550975,1900.0,-3600.0,3100.0,-1900.0,nautilus,1480.5756757725705,1.0,True,0.0,122606.07051996054,120000.0,14.448424365682763,123.84363742013797,7,40.68722639615977,79.08964094285898
200102,10,124121.0021337952,120000.0,H2,14.073053944594514,128.8465937658441,7.370692870030879,35.1320523879499,1750.0,4200.0,-2300.0,-1750.0,nautilus,1480.2005372454225,1.0,True,0.0,124121.0021337952,120000.0,14.448424365682763,123.84363742013797,7,39.48137349208992,76.7456504165893
200104,10,124552.18992327948,120000.0,H4,14.12706602346432,124.27401898980968,7.505606581397119,35.09873249312279,1850.0,4300.0,3300.0,-1850.0,nautilus,1480.674922511434,1.0,True,-23.697954126970217,124575.88787740645,120000.0,14.448424365682763,123.84363742013797,7,33.68195757508133,65.47248772693979
200115,11,132862.7748474715,132000.0,H5,13.480657078993,137.67018495509,7.396950728761066,35.12801610836418,2100.0,0.0,0.0,-2100.0,nautilus,1480.2960969933556,1.0,True,16.211553440378566,132846.56329403113,132000.0,13.816812686324933,118.42982302564228,7,36.91287676854568,71.7528922066761
200111,11,134693.57468408553,132000.0,H1,13.471500399512864,131.91293732812352,7.35474334324912,35.13836320957068,1800.0,-4500.0,-2500.0,-1800.0,nautilus,1480.147348128116,1.0,True,0.0,134693.57468408553,132000.0,13.816812686324933,118.42982302564228,7,37.94032219450636,73.75008633921304
200113,11,134997.12326456187,132000.0,H3,13.382431220526415,132.4239762199393,7.267050342910282,35.12080612067437,1900.0,-3600.0,3100.0,-1900.0,nautilus,1479.7882757926245,1.0,True,0.0,134997.12326456187,132000.0,13.816812686324933,118.42982302564228,7,48.0325726856212,93.36785187269756
200112,11,135741.97695432944,132000.0,H2,13.471393769069389,126.05774683390815,7.207305561265196,35.10342509535879,1750.0,4200.0,-2300.0,-1750.0,nautilus,1479.5363238480995,1.0,True,0.0,135741.97695432944,132000.0,13.816812686324933,118.42982302564228,7,37.93667112583877,73.74298922949203
200114,11,136425.22091910936,132000.0,H4,13.474901126844223,123.3683610818362,7.289350165640962,35.10212346073357,1850.0,4300.0,3300.0,-1850.0,nautilus,1479.8503295407822,1.0,True,-23.697954126970217,136448.91887323634,132000.0,13.816812686324933,118.42982302564228,7,37.54965837659025,72.99069662836101
200125,12,144769.124721782,144000.0,H5,13.078130592679384,138.42253070666032,7.225490153197262,35.13618130255744,2100.0,0.0,0.0,-2100.0,nautilus,1479.6478695671856,1.0,True,16.211553440378566,144752.91316834162,144000.0,13.348013318719346,114.4115427318801,7,30.534287587060994,59.35390675670589
200121,12,146879.7246723908,144000.0,H1,12.866823179209158,133.20703030643102,7.147186029252414,35.133525444008434,1800.0,-4500.0,-2500.0,-1800.0,nautilus,1479.342789167351,1.0,True,0.0,146879.7246723908,144000.0,13.348013318719346,114.4115427318801,7,55.32408063655239,107.541409444702
200123,12,147357.91842136075,144000.0,H3,12.928767242654184,129.58600794970957,7.150270034400532,35.1465133361543,1900.0,-3600.0,3100.0,-1900.0,nautilus,1479.37115855786,1.0,True,0.0,147357.91842136075,144000.0,13.348013318719346,114.4115427318801,7,47.97213389557696,93.2503682635403
200122,12,147375.27545106842,144000.0,H2,13.149100085099596,129.8307446490421,7.09538285563125,35.130995687706076,1750.0,4200.0,-2300.0,-1750.0,nautilus,1479.139647358061,1.0,True,0.0,147375.27545106842,144000.0,13.348013318719346,114.4115427318801,7,22.375709997414702,43.494900642922644
200124,12,148311.25760205704,144000.0,H4,13.129949270852544,126.14768891760885,7.064023008207787,35.15432362681448,1850.0,4300.0,3300.0,-1850.0,nautilus,1479.0480992223775,1.0,True,-23.697954126970217,148334.95555618402,144000.0,13.348013318719346,114.4115427318801,7,24.564239271062245,47.749061218047444
100001,-2,151442.29576113384,150000.0,H5,0.0,117.87922955491356,5.47,35.0,2100.0,0.0,0.0,-2100.0,sync_buoy,1472.5638140236701,1.0,True,16.211553440378566,151426.08420769346,156000.0,13.09857038534103,112.27346044578026,7,,
200135,13,156815.48846989952,156000.0,H5,12.751467156807266,139.79524156139254,6.94397024198217,35.117179339198195,2100.0,0.0,0.0,-2100.0,nautilus,1478.5362172984642,1.0,True,16.211553440378566,156799.27691645914,156000.0,13.09857038534103,112.27346044578026,7,40.24671735553395,78.23335987036818
200132,13,159030.80149912386,156000.0,H2,12.723433550920072,130.6828807075307,6.865504583855735,35.11741718943467,1750.0,4200.0,-2300.0,-1750.0,nautilus,1478.232011328539,1.0,True,0.0,159030.80149912386,156000.0,13.09857038534103,112.27346044578026,7,43.58409033616663,84.72069395799109
200131,13,159122.5094047651,156000.0,H1,12.863610332641771,129.54127080487785,6.852390617722662,35.0908154324078,1800.0,-4500.0,-2500.0,-1800.0,nautilus,1478.1472365194832,1.0,True,0.0,159122.5094047651,156000.0,13.09857038534103,112.27346044578026,7,26.99907285815285,52.48199907632291
200133,13,159681.5606047387,156000.0,H3,12.7373538679079,127.19358557971192,7.00860448637606,35.150828922123345,1900.0,-3600.0,3100.0,-1900.0,nautilus,1478.829328124143,1.0,True,0.0,159681.5606047387,156000.0,13.09857038534103,112.27346044578026,7,41.9378769972665,81.5207112257878
200134,13,160189.6354853911,156000.0,H4,12.582045605821662,126.31614911562068,6.910845306871957,35.09613906744978,1850.0,4300.0,3300.0,-1850.0,nautilus,1478.3810002193588,1.0,True,-23.697954126970217,160213.3334395181,156000.0,13.09857038534103,112.27346044578026,7,60.691277404892176,117.97440532268429
200145,14,168924.60250761322,168000.0,H5,12.772360691303046,138.2368942945922,7.119490097990283,35.08256709662498,2100.0,0.0,0.0,-2100.0,nautilus,1479.1712746548653,1.0,True,16.211553440378566,168908.39095417285,168000.0,13.098570385341029,112.27346044578024,7,37.77845150141236,73.43543488395474
200142,14,170706.92429091493,168000.0,H2,12.766801280908576,132.58319503078158,6.901356754426462,35.02349693954562,1750.0,4200.0,-2300.0,-1750.0,nautilus,1478.2518493026448,1.0,True,0.0,170706.92429091493,168000.0,13.098570385341029,112.27346044578024,7,38.4151269670153,74.67303298123906
200141,14,171403.37428625493,168000.0,H1,12.799839866110093,131.00582685353316,6.858215344998511,35.066842545716625,1800.0,-4500.0,-2500.0,-1800.0,nautilus,1478.1393912381818,1.0,True,0.0,171403.37428625493,168000.0,13.098570385341029,112.27346044578024,7,34.497724382428224,67.0582115425169
200143,14,171949.511405328,168000.0,H3,12.599506187631963,124.80837119323242,6.8469051819852815,35.0914841272709,1900.0,-3600.0,3100.0,-1900.0,nautilus,1478.1267679196944,1.0,True,0.0,171949.511405328,168000.0,13.098570385341029,112.27346044578024,7,58.54833820933907,113.8088647697733
200144,14,172031.57761030295,168000.0,H4,12.68497497216928,127.30333136749611,6.970920323203012,35.05474502004954,1850.0,4300.0,3300.0,-1850.0,nautilus,1478.5613558996063,1.0,True,-23.697954126970217,172055.27556442993,168000.0,13.098570385341029,112.27346044578024,7,48.20870330724041,93.7102224114822
200155,15,181062.31305454287,180000.0,H5,13.089261186479982,136.79062206938022,6.972942427056722,35.08737871280702,2100.0,0.0,0.0,-2100.0,nautilus,1478.6106448257615,1.0,True,16.211553440378566,181046.1015011025,180000.0,13.348013318719346,114.4115427318801,7,29.22958382828145,56.817765540935724
200152,15,182407.49153215613,180000.0,H2,12.997140590475176,131.91110869269474,6.815554568190537,35.106698905897346,1750.0,4200.0,-2300.0,-1750.0,nautilus,1478.024219755513,1.0,True,0.0,182407.49153215613,180000.0,13.348013318719346,114.4115427318801,7,39.900960275572146,77.56126187476208
200151,15,183710.1201785128,180000.0,H1,12.881936356401242,127.76528812815604,6.887749225999023,35.032673628865886,1800.0,-4500.0,-2500.0,-1800.0,nautilus,1478.210679782414,1.0,True,0.0,183710.1201785128,180000.0,13.348013318719346,114.4115427318801,7,53.482638342395674,103.96193198305829
200154,15,183832.36935702027,180000.0,H4,13.06862783259705,128.20986653575224,6.961353247584835,35.07312307024413,1850.0,4300.0,3300.0,-1850.0,nautilus,1478.5476269187764,1.0,True,-23.697954126970217,183856.06731114726,180000.0,13.348013318719346,114.4115427318801,7,31.608884482218745,61.44275601295205
200153,15,184170.2801659283,180000.0,H3,12.948749189325028,123.40996593024336,6.954269510963311,35.08169940367024,1900.0,-3600.0,3100.0,-1900.0,nautilus,1478.531066028317,1.0,True,0.0,184170.2801659283,180000.0,13.348013318719346,114.4115427318801,7,45.58930057483178,88.61851083660584
200165,16,193214.48691861887,192000.0,H5,13.435189924721206,139.99325606324396,6.4233354376836465,35.08458073924456,2100.0,0.0,0.0,-2100.0,nautilus,1476.4628465600476,1.0,True,16.211553440378566,193198.2753651785,192000.0,13.816812686324933,118.42982302564228,7,41.93850865277136,81.52193906586206
200162,16,194149.9864876889,192000.0,H2,13.604504811777264,131.98818248462968,6.431280492034853,35.092150098003785,1750.0,4200.0,-2300.0,-1750.0,nautilus,1476.5037115847936,1.0,True,0.0,194149.9864876889,192000.0,13.816812686324933,118.42982302564228,7,23.04187981152694,44.78983116711489
200164,16,195578.15703116992,192000.0,H4,13.3881177691877,127.46511182624695,6.4487148461022334,35.092980664987564,1850.0,4300.0,3300.0,-1850.0,nautilus,1476.5732315214902,1.0,True,-23.697954126970217,195601.8549852969,192000.0,13.816812686324933,118.42982302564228,7,47.28068949251324,91.906307868816
200161,16,196045.6549520277,192000.0,H1,13.408054896836878,125.98652721115596,6.418616099258349,35.07771086326133,1800.0,-4500.0,-2500.0,-1800.0,nautilus,1476.4355409366797,1.0,True,0.0,196045.6549520277,192000.0,13.816812686324933,118.42982302564228,7,45.01059495044664,87.49359709590038
200163,16,196352.23297478684,192000.0,H3,13.457297135409124,126.0435673683437,6.4134894225354735,35.13888847058876,1900.0,-3600.0,3100.0,-1900.0,nautilus,1476.4934512075283,1.0,True,0.0,196352.23297478684,192000.0,13.816812686324933,118.42982302564228,7,39.44494583074544,76.67484070771233
200175,17,205399.338125982,204000.0,H5,14.193170866726373,136.34951004838774,6.507033300612447,34.9840179619902,2100.0,0.0,0.0,-2100.0,nautilus,1476.6630957341652,1.0,True,16.211553440378566,205383.12657254163,204000.0,14.448424365682763,123.84363742013797,7,26.5566747209081,51.622045893773716
200172,17,205947.89922007205,204000.0,H2,13.93830579093936,133.94615593337457,6.382509411363683,34.979223007717046,1750.0,4200.0,-2300.0,-1750.0,nautilus,1476.1679249460542,1.0,True,0.0,205947.89922007205,204000.0,14.448424365682763,123.84363742013797,7,54.02526600075827,105.01671576821236
200174,17,207275.2765592349,204000.0,H4,14.128824558791756,129.31716474162,6.548330302871158,35.003882450424456,1850.0,4300.0,3300.0,-1850.0,nautilus,1476.8502639974438,1.0,True,-23.697954126970217,207298.97451336187,204000.0,14.448424365682763,123.84363742013797,7,33.40695874709618,64.93793276973324
200171,17,208395.505608825,204000.0,H1,14.149369133510596,126.16325012562342,6.414039911269629,34.998112941840596,1800.0,-4500.0,-2500.0,-1800.0,nautilus,1476.3160042048933,1.0,True,0.0,208395.505608825,204000.0,14.448424365682763,123.84363742013797,7,31.20280637469239,60.65340332013625
200173,17,208502.90430653672,204000.0,H3,13.95783858883732,128.03984181592287,6.384884920385632,34.95046993747946,1900.0,-3600.0,3100.0,-1900.0,nautilus,1476.1405756401384,1.0,True,0.0,208502.90430653672,204000.0,14.448424365682763,123.84363742013797,7,51.88293061453282,100.8523489267374
200185,18,217630.00405712193,216000.0,H5,14.791996198391429,136.43256513725578,6.108497729626459,35.024629277031494,2100.0,0.0,0.0,-2100.0,nautilus,1475.1444323283245,1.0,True,16.211553440378566,217613.79250368156,216000.0,15.166666666666666,130.0,7,37.36433188741394,72.63045075307228
200182,18,217833.2610649804,216000.0,H2,14.803483276248176,136.32738096796194,6.033829936457375,35.08227015363537,1750.0,4200.0,-2300.0,-1750.0,nautilus,1474.9222105077445,1.0,True,0.0,217833.2610649804,216000.0,15.166666666666666,130.0,7,36.18521661555158,70.33843402591003
200184,18,218935.3996070585,216000.0,H4,14.82389178469215,129.82244231189333,6.178530797756927,35.0458433570304,1850.0,4300.0,3300.0,-1850.0,nautilus,1475.4486555802657,1.0,True,-23.697954126970217,218959.09756118548,216000.0,15.166666666666666,130.0,7,34.11700153520027,66.31814553278653
200183,18,220648.79397669632,216000.0,H3,14.817805487037706,123.98918284882232,6.087781257258422,35.05374249945458,1900.0,-3600.0,3100.0,-1900.0,nautilus,1475.099607299957,1.0,True,0.0,220648.79397669632,216000.0,15.166666666666666,130.0,7,34.72882604128153,67.50743722927278
200181,18,220765.34024096184,216000.0,H1,14.686246618193367,126.25964631926932,6.203552052482642,35.016752728518696,1800.0,-4500.0,-2500.0,-1800.0,nautilus,1475.5103596183192,1.0,True,0.0,220765.34024096184,216000.0,15.166666666666666,130.0,7,48.26725145773754,93.82403091136864
200192,19,229822.69224663812,228000.0,H2,15.398015604404554,137.11107345294062,6.157326920653723,34.95284189613146,1750.0,4200.0,-2300.0,-1750.0,nautilus,1475.2459163526548,1.0,True,0.0,229822.69224663812,228000.0,15.884908967650567,136.15636257986202,7,46.64805285834538,90.67656063177266
200195,19,229910.5369094762,228000.0,H5,15.334170335432493,135.95044165895567,6.025428010136237,34.985835905943276,2100.0,0.0,0.0,-2100.0,nautilus,1474.7654641443003,1.0,True,16.211553440378566,229894.32535603584,228000.0,15.884908967650567,136.15636257986202,7,52.9673465729358,102.96028491499375
200194,19,230569.49771427785,228000.0,H4,15.61355045159722,132.11081695696606,6.023320617410476,34.95440949673417,1850.0,4300.0,3300.0,-1850.0,nautilus,1474.7168813529065,1.0,True,-23.697954126970217,230593.19566840483,228000.0,15.884908967650567,136.15636257986202,7,25.630108011839624,49.82094429947215
200193,19,232800.595992063,228000.0,H3,15.3755411576099,123.26166142729096,6.011182832238285,34.94048181691738,1900.0,-3600.0,3100.0,-1900.0,nautilus,1474.6508677619283,1.0,True,0.0,232800.595992063,228000.0,15.884908967650567,136.15636257986202,7,48.852894046899685,94.96242903285012
200191,19,233148.14401192317,228000.0,H1,15.499798338202348,123.3999832136309,6.071008780553793,34.94927971232827,1800.0,-4500.0,-2500.0,-1800.0,nautilus,1474.8995017388079,1.0,True,0.0,233148.14401192317,228000.0,15.884908967650567,136.15636257986202,7,36.64560422618841,71.23335594723432
200202,20,241908.29147844968,240000.0,H2,16.0902554021406,137.29347732038366,5.745389425504033,34.92590661054066,1750.0,4200.0,-2300.0,-1750.0,nautilus,1473.5732398931857,1.0,True,0.0,241908.29147844968,240000.0,16.5165206470084,141.5701769743577,7,39.038103636946666,75.88400275000413
200205,20,242229.1685375139,240000.0,H5,16.05960248294854,134.75303656398808,5.703886741799125,34.920615477848855,2100.0,0.0,0.0,-2100.0,nautilus,1473.4004598465885,1.0,True,16.211553440378566,242212.95698407353,240000.0,16.5165206470084,141.5701769743577,7,41.92030492366514,81.48655384729706
200204,20,242212.70274767108,240000.0,H4,16.20833207531034,132.0281754086176,6.030581226652849,34.93911374078404,1850.0,4300.0,3300.0,-1850.0,nautilus,1474.7261254984687,1.0,True,-23.697954126970217,242236.40070179806,240000.0,16.5165206470084,141.5701769743577,7,28.04074695356834,54.50685152961435
200203,20,244984.65406937912,240000.0,H3,16.029574857222343,123.60322584259116,5.8146346270758515,34.94765735288028,1900.0,-3600.0,3100.0,-1900.0,nautilus,1473.8776868698671,1.0,True,0.0,244984.65406937912,240000.0,16.5165206470084,141.5701769743577,7,44.77339796429622,87.03252304074839
200201,20,245537.73375147057,240000.0,H1,16.170593292808277,123.07911170506584,5.8535558673682715,34.90622451342417,1800.0,-4500.0,-2500.0,-1800.0,nautilus,1473.9798250487963,1.0,True,0.0,245537.73375147057,240000.0,16.5165206470084,141.5701769743577,7,31.53192537779401,61.29315948167287
200214,21,253896.69686120088,252000.0,H4,16.76142157062167,134.77198703431876,6.150703985075805,34.98431789096898,1850.0,4300.0,3300.0,-1850.0,nautilus,1475.2599546886263,1.0,True,-23.697954126970217,253920.39481532786,252000.0,16.98532001461399,145.5884572681199,7,19.70646743459432,38.306308188196205
200212,21,254048.19367055324,252000.0,H2,16.4303351699693,134.0596459330133,6.028750511708479,34.99437172204522,1750.0,4200.0,-2300.0,-1750.0,nautilus,1474.7895737636804,1.0,True,0.0,254048.19367055324,252000.0,16.98532001461399,145.5884572681199,7,49.815530481376925,96.83364456423136
200215,21,254567.7315114999,252000.0,H5,16.68056413530836,132.2889640902616,6.123828943088746,35.020789959774746,2100.0,0.0,0.0,-2100.0,nautilus,1475.2002270064636,1.0,True,16.211553440378566,254551.51995805954,252000.0,16.98532001461399,145.5884572681199,7,26.952082596630344,52.390657315264036
200213,21,257189.2536963521,252000.0,H3,16.591452098892713,124.88651164570432,6.0783283617337105,34.96412151723652,1900.0,-3600.0,3100.0,-1900.0,nautilus,1474.9475053571366,1.0,True,0.0,257189.2536963521,252000.0,16.98532001461399,145.5884572681199,7,35.01408413625731,68.06193460611556
200211,21,257917.02030125025,252000.0,H1,16.617121014202176,121.35261969738868,6.055316516105892,35.01431262418299,1800.0,-4500.0,-2500.0,-1800.0,nautilus,1474.9204795548715,1.0,True,0.0,257917.02030125025,252000.0,16.98532001461399,145.5884572681199,7,32.6810068840971,63.526795239065486
200224,22,265654.5016593711,264000.0,H4,16.79121230158606,135.6418366455446,5.731239323955228,34.91731401965769,1850.0,4300.0,3300.0,-1850.0,nautilus,1473.5056437160001,1.0,True,-23.697954126970217,265678.19961349806,264000.0,17.234762947992305,147.72653955421976,7,38.92359699911283,75.66141965270295
200222,22,266210.1529078959,264000.0,H2,16.762381322525822,135.5685738397098,5.811677489918431,34.937672978322226,1750.0,4200.0,-2300.0,-1750.0,nautilus,1473.8530876828054,1.0,True,0.0,266210.1529078959,264000.0,17.234762947992305,147.72653955421976,7,41.5347380460075,80.73707179569472
200225,22,266917.24182291847,264000.0,H5,16.86910417184245,131.2132208029802,5.8190549458232335,34.927452523323815,2100.0,0.0,0.0,-2100.0,nautilus,1473.8694256755841,1.0,True,16.211553440378566,266901.0302694781,264000.0,17.234762947992305,147.72653955421976,7,31.94794963070999,62.10184593442531
200223,22,269436.64952916914,264000.0,H3,16.80507135327664,124.1060622236543,5.93913839541143,34.92240767901291,1900.0,-3600.0,3100.0,-1900.0,nautilus,1474.3413892404567,1.0,True,0.0,269436.64952916914,264000.0,17.234762947992305,147.72653955421976,7,37.69767407589832,73.27841613025574
200221,22,270288.01872875105,264000.0,H1,16.894074511271405,119.5100192691498,5.765358409979931,34.934797884472445,1800.0,-4500.0,-2500.0,-1800.0,nautilus,1473.664446993856,1.0,True,0.0,270288.01872875105,276000.0,17.234762947992305,147.72653955421976,7,29.71813794017191,57.76743876059321
200234,23,277532.85596155934,276000.0,H4,16.709200635675618,132.85893939947803,6.0038371820833625,34.8315589969621,1850.0,4300.0,3300.0,-1850.0,nautilus,1474.4822799245082,1.0,True,-23.697954126970217,277556.5539156863,276000.0,17.234762947992305,147.72653955421976,7,46.37758163323244,90.1508066304732
200232,23,278349.3951074123,276000.0,H2,16.82554143045248,132.7277077902977,6.0225913827875335,34.85061497055055,1750.0,4200.0,-2300.0,-1750.0,nautilus,1474.5811531178367,1.0,True,0.0,278349.3951074123,276000.0,17.234762947992305,147.72653955421976,7,35.86394766009513,69.71393713625386
200235,23,279246.1407923713,276000.0,H5,16.786672062054404,130.58219019163175,6.017954897946666,34.85465739081623,2100.0,0.0,0.0,-2100.0,nautilus,1474.5679161553596,1.0,True,16.211553440378566,279229.9292389309,276000.0,17.234762947992305,147.72653955421976,7,39.36101458842681,76.51169142458757
200233,23,281705.3636132998,276000.0,H3,16.84401184366801,121.14870234913349,5.993016551892979,34.84451384216711,1900.0,-3600.0,3100.0,-1900.0,nautilus,1474.4558709247453,1.0,True,0.0,281705.3636132998,276000.0,17.234762947992305,147.72653955421976,7,34.204752715005334,66.48872018035578
200231,23,282624.77719476225,276000.0,H1,16.79396028061592,117.40318381107086,5.955335256565798,34.82234580216817,1800.0,-4500.0,-2500.0,-1800.0,nautilus,1474.2776859551698,1.0,True,0.0,282624.77719476225,288000.0,16.98532001461399,145.5884572681199,7,16.7987408038173,32.65413979143744
100002,-3,288867.0857348808,285000.0,H4,0.0,119.52352940045616,5.295,35.0,1850.0,4300.0,3300.0,-1850.0,sync_buoy,1471.8580158787388,1.0,True,-23.697954126970217,288890.7836890078,288000.0,16.98532001461399,145.5884572681199,7,,
200244,24,289549.1062141441,288000.0,H4,16.516152223094274,133.59702879261442,6.035719473976267,34.86202882795262,1850.0,4300.0,3300.0,-1850.0,nautilus,1474.647876143617,1.0,True,-23.697954126970217,289572.8041682711,288000.0,16.98532001461399,145.5884572681199,7,41.88973787442619,81.42713625698376
200242,24,290449.5786885378,288000.0,H2,16.543416121069107,130.7362952303003,6.042315710940445,34.82927410375166,1750.0,4200.0,-2300.0,-1750.0,nautilus,1474.6321432107911,1.0,True,0.0,290449.5786885378,288000.0,16.98532001461399,145.5884572681199,7,39.39003171185237,76.56809620014481
200245,24,291561.504489743,288000.0,H5,16.596130514644166,127.41886567323024,6.106891085708558,34.85244185553007,2100.0,0.0,0.0,-2100.0,nautilus,1474.9178535907008,1.0,True,16.211553440378566,291545.2929363026,288000.0,16.98532001461399,145.5884572681199,7,34.58773365448174,67.23317557026671
200243,24,294002.94628986425,288000.0,H3,16.518799555606712,120.33744825980926,6.015839279040963,34.85564318223207,1900.0,-3600.0,3100.0,-1900.0,nautilus,1474.5607764961858,1.0,True,0.0,294002.94628986425,300000.0,16.516520647008402,141.57017697435774,7,-0.2034281741220859,0.39543273587446404
200241,24,294941.49465982954,288000.0,H1,16.516207929012488,115.67600464497345,6.019355576606673,34.86106780572593,1800.0,-4500.0,-2500.0,-1800.0,nautilus,1474.581682223552,1.0,True,0.0,294941.49465982954,300000.0,16.516520647008402,141.57017697435774,7,0.027919739837251916,0.05427163251301655
200254,25,301698.14171776024,300000.0,H4,16.18587948333803,134.58767773181768,6.099075437434664,34.892779978235794,1850.0,4300.0,3300.0,-1850.0,nautilus,1474.938476511463,1.0,True,-23.697954126970217,301721.8396718872,300000.0,16.516520647008402,141.57017697435774,7,30.12968030053441,58.56741311118986
200252,25,302507.0196766018,300000.0,H2,16.12001057520033,130.72563492246064,6.032609109791335,34.83221695048374,1750.0,4200.0,-2300.0,-1750.0,nautilus,1474.5973806953662,1.0,True,0.0,302507.0196766018,300000.0,16.516520647008402,141.57017697435774,7,36.27123633572743,70.50564298521513
200255,25,303857.0988255077,300000.0,H5,16.15595211539528,127.9485557718476,6.154505185099276,34.88606941358072,2100.0,0.0,0.0,-2100.0,nautilus,1475.149387138546,1.0,True,16.211553440378566,303840.8872720673,300000.0,16.516520647008402,141.57017697435774,7,32.92238331925315,63.99599349314852
200253,25,306319.2874146807,300000.0,H3,16.073166156086586,115.97654968167174,6.075012500304843,34.85783259864998,1900.0,-3600.0,3100.0,-1900.0,nautilus,1474.7983910288624,1.0,True,0.0,306319.2874146807,312000.0,15.884908967650574,136.15636257986205,7,-17.273597243310274,33.57718686604581
200251,25,307223.5168083305,300000.0,H1,16.17634085568426,116.96580592534754,6.021152901823627,34.90093956650637,1800.0,-4500.0,-2500.0,-1800.0,nautilus,1474.6398462702746,1.0,True,0.0,307223.5168083305,312000.0,15.884908967650574,136.15636257986205,7,-26.567014036257373,51.64214391497101
200264,26,313955.44583894685,312000.0,H4,15.447295547950493,136.39132185358272,5.738549636545268,34.85295480105002,1850.0,4300.0,3300.0,-1850.0,nautilus,1473.4523266786832,1.0,True,-23.697954126970217,313979.14379307383,312000.0,15.884908967650574,136.15636257986205,7,41.74209714841966,81.14014564487603
200262,26,314528.76845382416,312000.0,H2,15.303509273217434,134.0129634634957,5.668896308285907,34.832131674774274,1750.0,4200.0,-2300.0,-1750.0,nautilus,1473.1468261216544,1.0,True,0.0,314528.76845382416,312000.0,15.884908967650574,136.15636257986205,7,55.966713207487025,108.79058722837624
200265,26,316148.1956631486,312000.0,H5,15.430435541556353,128.4826819880036,5.536640164770637,34.85014545853467,2100.0,0.0,0.0,-2100.0,nautilus,1472.6392649075065,1.0,True,16.211553440378566,316131.9841097082,312000.0,15.884908967650574,136.15636257986205,7,43.37372139113869,84.31176944281798
200263,26,318656.8848906697,312000.0,H3,15.53050070688565,115.74417254115534,5.580901598112194,34.81588669756283,1900.0,-3600.0,3100.0,-1900.0,nautilus,1472.7730646121772,1.0,True,0.0,318656.8848906697,324000.0,15.166666666666666,130.0,7,-34.50274943073613,67.06797945499447
200261,26,319490.32352193864,312000.0,H1,15.499973769029284,113.89117168194696,5.595647073792828,34.86962431414885,1800.0,-4500.0,-2500.0,-1800.0,nautilus,1472.9012588145968,1.0,True,0.0,319490.32352193864,324000.0,15.166666666666666,130.0,7,-31.672856867840288,61.56710838241077
200274,27,326279.87130616483,324000.0,H4,14.80519789338387,134.90379144705017,6.102028472414925,34.906519847125146,1850.0,4300.0,3300.0,-1850.0,nautilus,1474.96775060147,1.0,True,-23.697954126970217,326303.5692602918,324000.0,15.166666666666666,130.0,7,36.01132435250021,70.0004145080996
200272,27,326535.4954491067,324000.0,H2,14.801757538243344,130.96263666071232,6.138226256549402,34.87070842943694,1750.0,4200.0,-2300.0,-1750.0,nautilus,1475.0653158461623,1.0,True,0.0,326535.4954491067,324000.0,15.166666666666666,130.0,7,36.3649247315517,70.68775865744374
200275,27,328423.35459379817,324000.0,H5,14.669904274633804,126.55951319875426,6.166700673913818,34.875807293763735,2100.0,0.0,0.0,-2100.0,nautilus,1475.184520087709,1.0,True,16.211553440378566,328407.1430403578,324000.0,15.166666666666666,130.0,7,49.95371320559702,97.10225029165703
200273,27,330999.6012039445,324000.0,H3,14.768489826574244,115.46695894835597,6.127140780150315,34.868682484260084,1900.0,-3600.0,3100.0,-1900.0,nautilus,1475.0188331743545,1.0,True,0.0,330999.6012039445,324000.0,15.166666666666666,130.0,7,39.76834090465787,77.30347044101943
200271,27,331727.4321439137,324000.0,H1,14.762576908977245,111.71553342433248,5.996292915598118,34.843150785325946,1800.0,-4500.0,-2500.0,-1800.0,nautilus,1474.4671444881424,1.0,True,0.0,331727.4321439137,324000.0,15.166666666666666,130.0,7,40.3599639013501,78.45349354474082
